solid OpenSCAD_Model
  facet normal 1 0 0
    outer loop
      vertex 7.5 8.75 14.19
      vertex 7.5 6.25 8.2
      vertex 7.5 8.75 2.2
    endloop
  endfacet
  facet normal 1 0 0
    outer loop
      vertex 7.5 8.75 14.19
      vertex 7.5 6.24518 8.29802
      vertex 7.5 6.25 8.2
    endloop
  endfacet
  facet normal 1 0 0
    outer loop
      vertex 7.5 8.75 14.19
      vertex 7.5 6.23078 8.39509
      vertex 7.5 6.24518 8.29802
    endloop
  endfacet
  facet normal 1 0 0
    outer loop
      vertex 7.5 8.75 14.19
      vertex 7.5 6.20694 8.49028
      vertex 7.5 6.23078 8.39509
    endloop
  endfacet
  facet normal 1 0 0
    outer loop
      vertex 7.5 8.75 14.19
      vertex 7.5 6.17388 8.58268
      vertex 7.5 6.20694 8.49028
    endloop
  endfacet
  facet normal 1 0 0
    outer loop
      vertex 7.5 8.75 14.19
      vertex 7.5 6.13192 8.6714
      vertex 7.5 6.17388 8.58268
    endloop
  endfacet
  facet normal 1 0 0
    outer loop
      vertex 7.5 8.75 14.19
      vertex 7.5 6.08147 8.75557
      vertex 7.5 6.13192 8.6714
    endloop
  endfacet
  facet normal 1 0 0
    outer loop
      vertex 7.5 8.75 14.19
      vertex 7.5 6.02301 8.83439
      vertex 7.5 6.08147 8.75557
    endloop
  endfacet
  facet normal 1 0 0
    outer loop
      vertex 7.5 8.75 14.19
      vertex 7.5 5.95711 8.90711
      vertex 7.5 6.02301 8.83439
    endloop
  endfacet
  facet normal 1 0 0
    outer loop
      vertex 7.5 8.75 14.19
      vertex 7.5 5.88439 8.97301
      vertex 7.5 5.95711 8.90711
    endloop
  endfacet
  facet normal 1 0 0
    outer loop
      vertex 7.5 8.75 14.19
      vertex 7.5 5.80557 9.03147
      vertex 7.5 5.88439 8.97301
    endloop
  endfacet
  facet normal 1 0 0
    outer loop
      vertex 7.5 8.75 14.19
      vertex 7.5 5.7214 9.08192
      vertex 7.5 5.80557 9.03147
    endloop
  endfacet
  facet normal 1 0 0
    outer loop
      vertex 7.5 8.75 14.19
      vertex 7.5 5.63268 9.12388
      vertex 7.5 5.7214 9.08192
    endloop
  endfacet
  facet normal 1 0 0
    outer loop
      vertex 7.5 8.75 14.19
      vertex 7.5 5.54028 9.15694
      vertex 7.5 5.63268 9.12388
    endloop
  endfacet
  facet normal 1 0 0
    outer loop
      vertex 7.5 8.75 14.19
      vertex 7.5 5.44509 9.18079
      vertex 7.5 5.54028 9.15694
    endloop
  endfacet
  facet normal 1 0 0
    outer loop
      vertex 7.5 8.75 14.19
      vertex 7.5 5.34802 9.19518
      vertex 7.5 5.44509 9.18079
    endloop
  endfacet
  facet normal 1 0 0
    outer loop
      vertex 7.5 8.75 14.19
      vertex 7.5 5.25 9.2
      vertex 7.5 5.34802 9.19518
    endloop
  endfacet
  facet normal 1 -0 0
    outer loop
      vertex 7.5 1.75 14.19
      vertex 7.5 5.25 9.2
      vertex 7.5 8.75 14.19
    endloop
  endfacet
  facet normal 1 0 0
    outer loop
      vertex 7.5 5.25 9.2
      vertex 7.5 1.75 14.19
      vertex 7.5 5.15198 9.19518
    endloop
  endfacet
  facet normal 1 0 0
    outer loop
      vertex 7.5 5.15198 9.19518
      vertex 7.5 1.75 14.19
      vertex 7.5 5.05491 9.18079
    endloop
  endfacet
  facet normal 1 0 0
    outer loop
      vertex 7.5 5.05491 9.18079
      vertex 7.5 1.75 14.19
      vertex 7.5 4.95971 9.15694
    endloop
  endfacet
  facet normal 1 0 0
    outer loop
      vertex 7.5 4.95971 9.15694
      vertex 7.5 1.75 14.19
      vertex 7.5 4.86732 9.12388
    endloop
  endfacet
  facet normal 1 0 0
    outer loop
      vertex 7.5 4.86732 9.12388
      vertex 7.5 1.75 14.19
      vertex 7.5 4.7786 9.08192
    endloop
  endfacet
  facet normal 1 0 0
    outer loop
      vertex 7.5 4.7786 9.08192
      vertex 7.5 1.75 14.19
      vertex 7.5 4.69443 9.03147
    endloop
  endfacet
  facet normal 1 0 0
    outer loop
      vertex 7.5 4.69443 9.03147
      vertex 7.5 1.75 14.19
      vertex 7.5 4.61561 8.97301
    endloop
  endfacet
  facet normal 1 0 0
    outer loop
      vertex 7.5 4.61561 8.97301
      vertex 7.5 1.75 14.19
      vertex 7.5 4.54289 8.90711
    endloop
  endfacet
  facet normal 1 0 0
    outer loop
      vertex 7.5 4.25482 8.29802
      vertex 7.5 1.75 14.19
      vertex 7.5 4.25 8.2
    endloop
  endfacet
  facet normal 1 0 0
    outer loop
      vertex 7.5 4.26921 8.39509
      vertex 7.5 1.75 14.19
      vertex 7.5 4.25482 8.29802
    endloop
  endfacet
  facet normal 1 0 0
    outer loop
      vertex 7.5 4.29306 8.49028
      vertex 7.5 1.75 14.19
      vertex 7.5 4.26921 8.39509
    endloop
  endfacet
  facet normal 1 0 0
    outer loop
      vertex 7.5 4.32612 8.58268
      vertex 7.5 1.75 14.19
      vertex 7.5 4.29306 8.49028
    endloop
  endfacet
  facet normal 1 0 0
    outer loop
      vertex 7.5 4.36808 8.6714
      vertex 7.5 1.75 14.19
      vertex 7.5 4.32612 8.58268
    endloop
  endfacet
  facet normal 1 0 0
    outer loop
      vertex 7.5 4.41853 8.75557
      vertex 7.5 1.75 14.19
      vertex 7.5 4.36808 8.6714
    endloop
  endfacet
  facet normal 1 0 0
    outer loop
      vertex 7.5 4.47699 8.83439
      vertex 7.5 1.75 14.19
      vertex 7.5 4.41853 8.75557
    endloop
  endfacet
  facet normal 1 0 0
    outer loop
      vertex 7.5 4.54289 8.90711
      vertex 7.5 1.75 14.19
      vertex 7.5 4.47699 8.83439
    endloop
  endfacet
  facet normal 1 -0 0
    outer loop
      vertex 7.5 6.24518 8.10198
      vertex 7.5 8.75 2.2
      vertex 7.5 6.25 8.2
    endloop
  endfacet
  facet normal 1 -0 0
    outer loop
      vertex 7.5 6.23078 8.00491
      vertex 7.5 8.75 2.2
      vertex 7.5 6.24518 8.10198
    endloop
  endfacet
  facet normal 1 -0 0
    outer loop
      vertex 7.5 6.20694 7.90971
      vertex 7.5 8.75 2.2
      vertex 7.5 6.23078 8.00491
    endloop
  endfacet
  facet normal 1 -0 0
    outer loop
      vertex 7.5 6.17388 7.81732
      vertex 7.5 8.75 2.2
      vertex 7.5 6.20694 7.90971
    endloop
  endfacet
  facet normal 1 -0 0
    outer loop
      vertex 7.5 6.13192 7.7286
      vertex 7.5 8.75 2.2
      vertex 7.5 6.17388 7.81732
    endloop
  endfacet
  facet normal 1 -0 0
    outer loop
      vertex 7.5 6.08147 7.64443
      vertex 7.5 8.75 2.2
      vertex 7.5 6.13192 7.7286
    endloop
  endfacet
  facet normal 1 -0 0
    outer loop
      vertex 7.5 6.02301 7.56561
      vertex 7.5 8.75 2.2
      vertex 7.5 6.08147 7.64443
    endloop
  endfacet
  facet normal 1 -0 0
    outer loop
      vertex 7.5 5.95711 7.49289
      vertex 7.5 8.75 2.2
      vertex 7.5 6.02301 7.56561
    endloop
  endfacet
  facet normal 1 -0 0
    outer loop
      vertex 7.5 5.88439 7.42699
      vertex 7.5 8.75 2.2
      vertex 7.5 5.95711 7.49289
    endloop
  endfacet
  facet normal 1 -0 0
    outer loop
      vertex 7.5 5.80557 7.36853
      vertex 7.5 8.75 2.2
      vertex 7.5 5.88439 7.42699
    endloop
  endfacet
  facet normal 1 -0 0
    outer loop
      vertex 7.5 5.7214 7.31808
      vertex 7.5 8.75 2.2
      vertex 7.5 5.80557 7.36853
    endloop
  endfacet
  facet normal 1 -0 0
    outer loop
      vertex 7.5 5.63268 7.27612
      vertex 7.5 8.75 2.2
      vertex 7.5 5.7214 7.31808
    endloop
  endfacet
  facet normal 1 -0 0
    outer loop
      vertex 7.5 5.54028 7.24306
      vertex 7.5 8.75 2.2
      vertex 7.5 5.63268 7.27612
    endloop
  endfacet
  facet normal 1 -0 0
    outer loop
      vertex 7.5 5.44509 7.21921
      vertex 7.5 8.75 2.2
      vertex 7.5 5.54028 7.24306
    endloop
  endfacet
  facet normal 1 -0 0
    outer loop
      vertex 7.5 5.34802 7.20481
      vertex 7.5 8.75 2.2
      vertex 7.5 5.44509 7.21921
    endloop
  endfacet
  facet normal 1 -0 0
    outer loop
      vertex 7.5 5.25 7.2
      vertex 7.5 8.75 2.2
      vertex 7.5 5.34802 7.20481
    endloop
  endfacet
  facet normal 1 0 0
    outer loop
      vertex 7.5 1.75 2.2
      vertex 7.5 5.25 7.2
      vertex 7.5 5.15198 7.20481
    endloop
  endfacet
  facet normal 1 0 0
    outer loop
      vertex 7.5 1.75 2.2
      vertex 7.5 5.15198 7.20481
      vertex 7.5 5.05491 7.21921
    endloop
  endfacet
  facet normal 1 0 0
    outer loop
      vertex 7.5 1.75 2.2
      vertex 7.5 5.05491 7.21921
      vertex 7.5 4.95971 7.24306
    endloop
  endfacet
  facet normal 1 0 0
    outer loop
      vertex 7.5 1.75 2.2
      vertex 7.5 4.95971 7.24306
      vertex 7.5 4.86732 7.27612
    endloop
  endfacet
  facet normal 1 0 0
    outer loop
      vertex 7.5 1.75 2.2
      vertex 7.5 4.86732 7.27612
      vertex 7.5 4.7786 7.31808
    endloop
  endfacet
  facet normal 1 0 0
    outer loop
      vertex 7.5 1.75 2.2
      vertex 7.5 4.7786 7.31808
      vertex 7.5 4.69443 7.36853
    endloop
  endfacet
  facet normal 1 0 0
    outer loop
      vertex 7.5 1.75 2.2
      vertex 7.5 4.69443 7.36853
      vertex 7.5 4.61561 7.42699
    endloop
  endfacet
  facet normal 1 0 0
    outer loop
      vertex 7.5 1.75 2.2
      vertex 7.5 4.61561 7.42699
      vertex 7.5 4.54289 7.49289
    endloop
  endfacet
  facet normal 1 0 0
    outer loop
      vertex 7.5 1.75 2.2
      vertex 7.5 4.54289 7.49289
      vertex 7.5 4.47699 7.56561
    endloop
  endfacet
  facet normal 1 0 0
    outer loop
      vertex 7.5 1.75 2.2
      vertex 7.5 4.25 8.2
      vertex 7.5 1.75 14.19
    endloop
  endfacet
  facet normal 1 0 0
    outer loop
      vertex 7.5 4.25 8.2
      vertex 7.5 1.75 2.2
      vertex 7.5 4.25482 8.10198
    endloop
  endfacet
  facet normal 1 0 0
    outer loop
      vertex 7.5 4.25482 8.10198
      vertex 7.5 1.75 2.2
      vertex 7.5 4.26921 8.00491
    endloop
  endfacet
  facet normal 1 0 0
    outer loop
      vertex 7.5 4.26921 8.00491
      vertex 7.5 1.75 2.2
      vertex 7.5 4.29306 7.90971
    endloop
  endfacet
  facet normal 1 0 0
    outer loop
      vertex 7.5 5.25 7.2
      vertex 7.5 1.75 2.2
      vertex 7.5 8.75 2.2
    endloop
  endfacet
  facet normal 1 0 0
    outer loop
      vertex 7.5 4.41853 7.64443
      vertex 7.5 1.75 2.2
      vertex 7.5 4.47699 7.56561
    endloop
  endfacet
  facet normal 1 0 0
    outer loop
      vertex 7.5 4.36808 7.7286
      vertex 7.5 1.75 2.2
      vertex 7.5 4.41853 7.64443
    endloop
  endfacet
  facet normal 1 0 0
    outer loop
      vertex 7.5 4.32612 7.81732
      vertex 7.5 1.75 2.2
      vertex 7.5 4.36808 7.7286
    endloop
  endfacet
  facet normal 1 0 0
    outer loop
      vertex 7.5 4.29306 7.90971
      vertex 7.5 1.75 2.2
      vertex 7.5 4.32612 7.81732
    endloop
  endfacet
  facet normal -0 0 1
    outer loop
      vertex 1.5 8.75 14.19
      vertex 7.5 1.75 14.19
      vertex 7.5 8.75 14.19
    endloop
  endfacet
  facet normal 0 0 1
    outer loop
      vertex 7.5 1.75 14.19
      vertex 1.5 8.75 14.19
      vertex 1.5 1.75 14.19
    endloop
  endfacet
  facet normal -1 0 0
    outer loop
      vertex 1.5 8.75 2.2
      vertex 1.5 6.25 8.2
      vertex 1.5 8.75 14.19
    endloop
  endfacet
  facet normal -1 0 0
    outer loop
      vertex 1.5 8.75 2.2
      vertex 1.5 6.24518 8.10198
      vertex 1.5 6.25 8.2
    endloop
  endfacet
  facet normal -1 0 0
    outer loop
      vertex 1.5 8.75 2.2
      vertex 1.5 6.23078 8.00491
      vertex 1.5 6.24518 8.10198
    endloop
  endfacet
  facet normal -1 0 0
    outer loop
      vertex 1.5 8.75 2.2
      vertex 1.5 6.20694 7.90971
      vertex 1.5 6.23078 8.00491
    endloop
  endfacet
  facet normal -1 0 0
    outer loop
      vertex 1.5 8.75 2.2
      vertex 1.5 6.17388 7.81732
      vertex 1.5 6.20694 7.90971
    endloop
  endfacet
  facet normal -1 0 0
    outer loop
      vertex 1.5 8.75 2.2
      vertex 1.5 6.13192 7.7286
      vertex 1.5 6.17388 7.81732
    endloop
  endfacet
  facet normal -1 0 0
    outer loop
      vertex 1.5 8.75 2.2
      vertex 1.5 6.08147 7.64443
      vertex 1.5 6.13192 7.7286
    endloop
  endfacet
  facet normal -1 0 0
    outer loop
      vertex 1.5 8.75 2.2
      vertex 1.5 6.02301 7.56561
      vertex 1.5 6.08147 7.64443
    endloop
  endfacet
  facet normal -1 0 0
    outer loop
      vertex 1.5 8.75 2.2
      vertex 1.5 5.95711 7.49289
      vertex 1.5 6.02301 7.56561
    endloop
  endfacet
  facet normal -1 0 0
    outer loop
      vertex 1.5 8.75 2.2
      vertex 1.5 5.88439 7.42699
      vertex 1.5 5.95711 7.49289
    endloop
  endfacet
  facet normal -1 0 0
    outer loop
      vertex 1.5 8.75 2.2
      vertex 1.5 5.80557 7.36853
      vertex 1.5 5.88439 7.42699
    endloop
  endfacet
  facet normal -1 0 0
    outer loop
      vertex 1.5 8.75 2.2
      vertex 1.5 5.7214 7.31808
      vertex 1.5 5.80557 7.36853
    endloop
  endfacet
  facet normal -1 0 0
    outer loop
      vertex 1.5 8.75 2.2
      vertex 1.5 5.63268 7.27612
      vertex 1.5 5.7214 7.31808
    endloop
  endfacet
  facet normal -1 0 0
    outer loop
      vertex 1.5 8.75 2.2
      vertex 1.5 5.54028 7.24306
      vertex 1.5 5.63268 7.27612
    endloop
  endfacet
  facet normal -1 0 0
    outer loop
      vertex 1.5 8.75 2.2
      vertex 1.5 5.44509 7.21921
      vertex 1.5 5.54028 7.24306
    endloop
  endfacet
  facet normal -1 0 0
    outer loop
      vertex 1.5 8.75 2.2
      vertex 1.5 5.34802 7.20481
      vertex 1.5 5.44509 7.21921
    endloop
  endfacet
  facet normal -1 0 0
    outer loop
      vertex 1.5 8.75 2.2
      vertex 1.5 5.25 7.2
      vertex 1.5 5.34802 7.20481
    endloop
  endfacet
  facet normal -1 0 0
    outer loop
      vertex 1.5 1.75 2.2
      vertex 1.5 5.25 7.2
      vertex 1.5 8.75 2.2
    endloop
  endfacet
  facet normal -1 -0 0
    outer loop
      vertex 1.5 5.25 7.2
      vertex 1.5 1.75 2.2
      vertex 1.5 5.15198 7.20481
    endloop
  endfacet
  facet normal -1 -0 0
    outer loop
      vertex 1.5 5.15198 7.20481
      vertex 1.5 1.75 2.2
      vertex 1.5 5.05491 7.21921
    endloop
  endfacet
  facet normal -1 -0 0
    outer loop
      vertex 1.5 5.05491 7.21921
      vertex 1.5 1.75 2.2
      vertex 1.5 4.95971 7.24306
    endloop
  endfacet
  facet normal -1 -0 0
    outer loop
      vertex 1.5 4.95971 7.24306
      vertex 1.5 1.75 2.2
      vertex 1.5 4.86732 7.27612
    endloop
  endfacet
  facet normal -1 -0 0
    outer loop
      vertex 1.5 4.86732 7.27612
      vertex 1.5 1.75 2.2
      vertex 1.5 4.7786 7.31808
    endloop
  endfacet
  facet normal -1 -0 0
    outer loop
      vertex 1.5 4.7786 7.31808
      vertex 1.5 1.75 2.2
      vertex 1.5 4.69443 7.36853
    endloop
  endfacet
  facet normal -1 -0 0
    outer loop
      vertex 1.5 4.69443 7.36853
      vertex 1.5 1.75 2.2
      vertex 1.5 4.61561 7.42699
    endloop
  endfacet
  facet normal -1 -0 0
    outer loop
      vertex 1.5 4.61561 7.42699
      vertex 1.5 1.75 2.2
      vertex 1.5 4.54289 7.49289
    endloop
  endfacet
  facet normal -1 -0 0
    outer loop
      vertex 1.5 4.25482 8.10198
      vertex 1.5 1.75 2.2
      vertex 1.5 4.25 8.2
    endloop
  endfacet
  facet normal -1 -0 0
    outer loop
      vertex 1.5 4.26921 8.00491
      vertex 1.5 1.75 2.2
      vertex 1.5 4.25482 8.10198
    endloop
  endfacet
  facet normal -1 -0 0
    outer loop
      vertex 1.5 4.29306 7.90971
      vertex 1.5 1.75 2.2
      vertex 1.5 4.26921 8.00491
    endloop
  endfacet
  facet normal -1 -0 0
    outer loop
      vertex 1.5 4.32612 7.81732
      vertex 1.5 1.75 2.2
      vertex 1.5 4.29306 7.90971
    endloop
  endfacet
  facet normal -1 -0 0
    outer loop
      vertex 1.5 4.36808 7.7286
      vertex 1.5 1.75 2.2
      vertex 1.5 4.32612 7.81732
    endloop
  endfacet
  facet normal -1 -0 0
    outer loop
      vertex 1.5 4.41853 7.64443
      vertex 1.5 1.75 2.2
      vertex 1.5 4.36808 7.7286
    endloop
  endfacet
  facet normal -1 -0 0
    outer loop
      vertex 1.5 4.47699 7.56561
      vertex 1.5 1.75 2.2
      vertex 1.5 4.41853 7.64443
    endloop
  endfacet
  facet normal -1 -0 0
    outer loop
      vertex 1.5 4.54289 7.49289
      vertex 1.5 1.75 2.2
      vertex 1.5 4.47699 7.56561
    endloop
  endfacet
  facet normal -1 0 0
    outer loop
      vertex 1.5 6.24518 8.29802
      vertex 1.5 8.75 14.19
      vertex 1.5 6.25 8.2
    endloop
  endfacet
  facet normal -1 0 0
    outer loop
      vertex 1.5 6.23078 8.39509
      vertex 1.5 8.75 14.19
      vertex 1.5 6.24518 8.29802
    endloop
  endfacet
  facet normal -1 0 0
    outer loop
      vertex 1.5 6.20694 8.49028
      vertex 1.5 8.75 14.19
      vertex 1.5 6.23078 8.39509
    endloop
  endfacet
  facet normal -1 0 0
    outer loop
      vertex 1.5 6.17388 8.58268
      vertex 1.5 8.75 14.19
      vertex 1.5 6.20694 8.49028
    endloop
  endfacet
  facet normal -1 0 0
    outer loop
      vertex 1.5 6.13192 8.6714
      vertex 1.5 8.75 14.19
      vertex 1.5 6.17388 8.58268
    endloop
  endfacet
  facet normal -1 0 0
    outer loop
      vertex 1.5 6.08147 8.75557
      vertex 1.5 8.75 14.19
      vertex 1.5 6.13192 8.6714
    endloop
  endfacet
  facet normal -1 0 0
    outer loop
      vertex 1.5 6.02301 8.83439
      vertex 1.5 8.75 14.19
      vertex 1.5 6.08147 8.75557
    endloop
  endfacet
  facet normal -1 0 0
    outer loop
      vertex 1.5 5.95711 8.90711
      vertex 1.5 8.75 14.19
      vertex 1.5 6.02301 8.83439
    endloop
  endfacet
  facet normal -1 0 0
    outer loop
      vertex 1.5 5.88439 8.97301
      vertex 1.5 8.75 14.19
      vertex 1.5 5.95711 8.90711
    endloop
  endfacet
  facet normal -1 0 0
    outer loop
      vertex 1.5 5.80557 9.03147
      vertex 1.5 8.75 14.19
      vertex 1.5 5.88439 8.97301
    endloop
  endfacet
  facet normal -1 0 0
    outer loop
      vertex 1.5 5.7214 9.08192
      vertex 1.5 8.75 14.19
      vertex 1.5 5.80557 9.03147
    endloop
  endfacet
  facet normal -1 0 0
    outer loop
      vertex 1.5 5.63268 9.12388
      vertex 1.5 8.75 14.19
      vertex 1.5 5.7214 9.08192
    endloop
  endfacet
  facet normal -1 0 0
    outer loop
      vertex 1.5 5.54028 9.15694
      vertex 1.5 8.75 14.19
      vertex 1.5 5.63268 9.12388
    endloop
  endfacet
  facet normal -1 0 0
    outer loop
      vertex 1.5 5.44509 9.18079
      vertex 1.5 8.75 14.19
      vertex 1.5 5.54028 9.15694
    endloop
  endfacet
  facet normal -1 0 0
    outer loop
      vertex 1.5 5.34802 9.19518
      vertex 1.5 8.75 14.19
      vertex 1.5 5.44509 9.18079
    endloop
  endfacet
  facet normal -1 0 0
    outer loop
      vertex 1.5 5.25 9.2
      vertex 1.5 8.75 14.19
      vertex 1.5 5.34802 9.19518
    endloop
  endfacet
  facet normal -1 0 0
    outer loop
      vertex 1.5 1.75 14.19
      vertex 1.5 5.25 9.2
      vertex 1.5 5.15198 9.19518
    endloop
  endfacet
  facet normal -1 0 0
    outer loop
      vertex 1.5 1.75 14.19
      vertex 1.5 5.15198 9.19518
      vertex 1.5 5.05491 9.18079
    endloop
  endfacet
  facet normal -1 0 0
    outer loop
      vertex 1.5 1.75 14.19
      vertex 1.5 5.05491 9.18079
      vertex 1.5 4.95971 9.15694
    endloop
  endfacet
  facet normal -1 0 0
    outer loop
      vertex 1.5 1.75 14.19
      vertex 1.5 4.95971 9.15694
      vertex 1.5 4.86732 9.12388
    endloop
  endfacet
  facet normal -1 0 0
    outer loop
      vertex 1.5 1.75 14.19
      vertex 1.5 4.86732 9.12388
      vertex 1.5 4.7786 9.08192
    endloop
  endfacet
  facet normal -1 0 0
    outer loop
      vertex 1.5 1.75 14.19
      vertex 1.5 4.7786 9.08192
      vertex 1.5 4.69443 9.03147
    endloop
  endfacet
  facet normal -1 0 0
    outer loop
      vertex 1.5 1.75 14.19
      vertex 1.5 4.69443 9.03147
      vertex 1.5 4.61561 8.97301
    endloop
  endfacet
  facet normal -1 0 0
    outer loop
      vertex 1.5 1.75 14.19
      vertex 1.5 4.61561 8.97301
      vertex 1.5 4.54289 8.90711
    endloop
  endfacet
  facet normal -1 0 0
    outer loop
      vertex 1.5 1.75 14.19
      vertex 1.5 4.54289 8.90711
      vertex 1.5 4.47699 8.83439
    endloop
  endfacet
  facet normal -1 0 0
    outer loop
      vertex 1.5 1.75 14.19
      vertex 1.5 4.25 8.2
      vertex 1.5 1.75 2.2
    endloop
  endfacet
  facet normal -1 0 0
    outer loop
      vertex 1.5 4.25 8.2
      vertex 1.5 1.75 14.19
      vertex 1.5 4.25482 8.29802
    endloop
  endfacet
  facet normal -1 0 0
    outer loop
      vertex 1.5 4.25482 8.29802
      vertex 1.5 1.75 14.19
      vertex 1.5 4.26921 8.39509
    endloop
  endfacet
  facet normal -1 0 0
    outer loop
      vertex 1.5 4.26921 8.39509
      vertex 1.5 1.75 14.19
      vertex 1.5 4.29306 8.49028
    endloop
  endfacet
  facet normal -1 0 0
    outer loop
      vertex 1.5 5.25 9.2
      vertex 1.5 1.75 14.19
      vertex 1.5 8.75 14.19
    endloop
  endfacet
  facet normal -1 0 0
    outer loop
      vertex 1.5 4.41853 8.75557
      vertex 1.5 1.75 14.19
      vertex 1.5 4.47699 8.83439
    endloop
  endfacet
  facet normal -1 0 0
    outer loop
      vertex 1.5 4.36808 8.6714
      vertex 1.5 1.75 14.19
      vertex 1.5 4.41853 8.75557
    endloop
  endfacet
  facet normal -1 0 0
    outer loop
      vertex 1.5 4.32612 8.58268
      vertex 1.5 1.75 14.19
      vertex 1.5 4.36808 8.6714
    endloop
  endfacet
  facet normal -1 0 0
    outer loop
      vertex 1.5 4.29306 8.49028
      vertex 1.5 1.75 14.19
      vertex 1.5 4.32612 8.58268
    endloop
  endfacet
  facet normal 0 1 -0
    outer loop
      vertex 7.5 8.75 2.2
      vertex 1.5 8.75 14.19
      vertex 7.5 8.75 14.19
    endloop
  endfacet
  facet normal 0 1 0
    outer loop
      vertex 1.5 8.75 14.19
      vertex 7.5 8.75 2.2
      vertex 1.5 8.75 2.2
    endloop
  endfacet
  facet normal 0 -1 0
    outer loop
      vertex 1.5 1.75 2.2
      vertex 7.5 1.75 14.19
      vertex 1.5 1.75 14.19
    endloop
  endfacet
  facet normal 0 -1 -0
    outer loop
      vertex 7.5 1.75 14.19
      vertex 1.5 1.75 2.2
      vertex 7.5 1.75 2.2
    endloop
  endfacet
  facet normal 1 0 0
    outer loop
      vertex 72.1 8.75 14.19
      vertex 72.1 6.25 8.2
      vertex 72.1 8.75 2.2
    endloop
  endfacet
  facet normal 1 0 0
    outer loop
      vertex 72.1 8.75 14.19
      vertex 72.1 6.24518 8.29802
      vertex 72.1 6.25 8.2
    endloop
  endfacet
  facet normal 1 0 0
    outer loop
      vertex 72.1 8.75 14.19
      vertex 72.1 6.23078 8.39509
      vertex 72.1 6.24518 8.29802
    endloop
  endfacet
  facet normal 1 0 0
    outer loop
      vertex 72.1 8.75 14.19
      vertex 72.1 6.20694 8.49028
      vertex 72.1 6.23078 8.39509
    endloop
  endfacet
  facet normal 1 0 0
    outer loop
      vertex 72.1 8.75 14.19
      vertex 72.1 6.17388 8.58268
      vertex 72.1 6.20694 8.49028
    endloop
  endfacet
  facet normal 1 0 0
    outer loop
      vertex 72.1 8.75 14.19
      vertex 72.1 6.13192 8.6714
      vertex 72.1 6.17388 8.58268
    endloop
  endfacet
  facet normal 1 0 0
    outer loop
      vertex 72.1 8.75 14.19
      vertex 72.1 6.08147 8.75557
      vertex 72.1 6.13192 8.6714
    endloop
  endfacet
  facet normal 1 0 0
    outer loop
      vertex 72.1 8.75 14.19
      vertex 72.1 6.02301 8.83439
      vertex 72.1 6.08147 8.75557
    endloop
  endfacet
  facet normal 1 0 0
    outer loop
      vertex 72.1 8.75 14.19
      vertex 72.1 5.95711 8.90711
      vertex 72.1 6.02301 8.83439
    endloop
  endfacet
  facet normal 1 0 0
    outer loop
      vertex 72.1 8.75 14.19
      vertex 72.1 5.88439 8.97301
      vertex 72.1 5.95711 8.90711
    endloop
  endfacet
  facet normal 1 0 0
    outer loop
      vertex 72.1 8.75 14.19
      vertex 72.1 5.80557 9.03147
      vertex 72.1 5.88439 8.97301
    endloop
  endfacet
  facet normal 1 0 0
    outer loop
      vertex 72.1 8.75 14.19
      vertex 72.1 5.7214 9.08192
      vertex 72.1 5.80557 9.03147
    endloop
  endfacet
  facet normal 1 0 0
    outer loop
      vertex 72.1 8.75 14.19
      vertex 72.1 5.63268 9.12388
      vertex 72.1 5.7214 9.08192
    endloop
  endfacet
  facet normal 1 0 0
    outer loop
      vertex 72.1 8.75 14.19
      vertex 72.1 5.54028 9.15694
      vertex 72.1 5.63268 9.12388
    endloop
  endfacet
  facet normal 1 0 0
    outer loop
      vertex 72.1 8.75 14.19
      vertex 72.1 5.44509 9.18079
      vertex 72.1 5.54028 9.15694
    endloop
  endfacet
  facet normal 1 0 0
    outer loop
      vertex 72.1 8.75 14.19
      vertex 72.1 5.34802 9.19518
      vertex 72.1 5.44509 9.18079
    endloop
  endfacet
  facet normal 1 0 0
    outer loop
      vertex 72.1 8.75 14.19
      vertex 72.1 5.25 9.2
      vertex 72.1 5.34802 9.19518
    endloop
  endfacet
  facet normal 1 -0 0
    outer loop
      vertex 72.1 1.75 14.19
      vertex 72.1 5.25 9.2
      vertex 72.1 8.75 14.19
    endloop
  endfacet
  facet normal 1 0 0
    outer loop
      vertex 72.1 5.25 9.2
      vertex 72.1 1.75 14.19
      vertex 72.1 5.15198 9.19518
    endloop
  endfacet
  facet normal 1 0 0
    outer loop
      vertex 72.1 5.15198 9.19518
      vertex 72.1 1.75 14.19
      vertex 72.1 5.05491 9.18079
    endloop
  endfacet
  facet normal 1 0 0
    outer loop
      vertex 72.1 5.05491 9.18079
      vertex 72.1 1.75 14.19
      vertex 72.1 4.95971 9.15694
    endloop
  endfacet
  facet normal 1 0 0
    outer loop
      vertex 72.1 4.95971 9.15694
      vertex 72.1 1.75 14.19
      vertex 72.1 4.86732 9.12388
    endloop
  endfacet
  facet normal 1 0 0
    outer loop
      vertex 72.1 4.86732 9.12388
      vertex 72.1 1.75 14.19
      vertex 72.1 4.7786 9.08192
    endloop
  endfacet
  facet normal 1 0 0
    outer loop
      vertex 72.1 4.7786 9.08192
      vertex 72.1 1.75 14.19
      vertex 72.1 4.69443 9.03147
    endloop
  endfacet
  facet normal 1 0 0
    outer loop
      vertex 72.1 4.69443 9.03147
      vertex 72.1 1.75 14.19
      vertex 72.1 4.61561 8.97301
    endloop
  endfacet
  facet normal 1 0 0
    outer loop
      vertex 72.1 4.61561 8.97301
      vertex 72.1 1.75 14.19
      vertex 72.1 4.54289 8.90711
    endloop
  endfacet
  facet normal 1 0 0
    outer loop
      vertex 72.1 4.25482 8.29802
      vertex 72.1 1.75 14.19
      vertex 72.1 4.25 8.2
    endloop
  endfacet
  facet normal 1 0 0
    outer loop
      vertex 72.1 4.26921 8.39509
      vertex 72.1 1.75 14.19
      vertex 72.1 4.25482 8.29802
    endloop
  endfacet
  facet normal 1 0 0
    outer loop
      vertex 72.1 4.29306 8.49028
      vertex 72.1 1.75 14.19
      vertex 72.1 4.26921 8.39509
    endloop
  endfacet
  facet normal 1 0 0
    outer loop
      vertex 72.1 4.32612 8.58268
      vertex 72.1 1.75 14.19
      vertex 72.1 4.29306 8.49028
    endloop
  endfacet
  facet normal 1 0 0
    outer loop
      vertex 72.1 4.36808 8.6714
      vertex 72.1 1.75 14.19
      vertex 72.1 4.32612 8.58268
    endloop
  endfacet
  facet normal 1 0 0
    outer loop
      vertex 72.1 4.41853 8.75557
      vertex 72.1 1.75 14.19
      vertex 72.1 4.36808 8.6714
    endloop
  endfacet
  facet normal 1 0 0
    outer loop
      vertex 72.1 4.47699 8.83439
      vertex 72.1 1.75 14.19
      vertex 72.1 4.41853 8.75557
    endloop
  endfacet
  facet normal 1 0 0
    outer loop
      vertex 72.1 4.54289 8.90711
      vertex 72.1 1.75 14.19
      vertex 72.1 4.47699 8.83439
    endloop
  endfacet
  facet normal 1 -0 0
    outer loop
      vertex 72.1 6.24518 8.10198
      vertex 72.1 8.75 2.2
      vertex 72.1 6.25 8.2
    endloop
  endfacet
  facet normal 1 -0 0
    outer loop
      vertex 72.1 6.23078 8.00491
      vertex 72.1 8.75 2.2
      vertex 72.1 6.24518 8.10198
    endloop
  endfacet
  facet normal 1 -0 0
    outer loop
      vertex 72.1 6.20694 7.90971
      vertex 72.1 8.75 2.2
      vertex 72.1 6.23078 8.00491
    endloop
  endfacet
  facet normal 1 -0 0
    outer loop
      vertex 72.1 6.17388 7.81732
      vertex 72.1 8.75 2.2
      vertex 72.1 6.20694 7.90971
    endloop
  endfacet
  facet normal 1 -0 0
    outer loop
      vertex 72.1 6.13192 7.7286
      vertex 72.1 8.75 2.2
      vertex 72.1 6.17388 7.81732
    endloop
  endfacet
  facet normal 1 -0 0
    outer loop
      vertex 72.1 6.08147 7.64443
      vertex 72.1 8.75 2.2
      vertex 72.1 6.13192 7.7286
    endloop
  endfacet
  facet normal 1 -0 0
    outer loop
      vertex 72.1 6.02301 7.56561
      vertex 72.1 8.75 2.2
      vertex 72.1 6.08147 7.64443
    endloop
  endfacet
  facet normal 1 -0 0
    outer loop
      vertex 72.1 5.95711 7.49289
      vertex 72.1 8.75 2.2
      vertex 72.1 6.02301 7.56561
    endloop
  endfacet
  facet normal 1 -0 0
    outer loop
      vertex 72.1 5.88439 7.42699
      vertex 72.1 8.75 2.2
      vertex 72.1 5.95711 7.49289
    endloop
  endfacet
  facet normal 1 -0 0
    outer loop
      vertex 72.1 5.80557 7.36853
      vertex 72.1 8.75 2.2
      vertex 72.1 5.88439 7.42699
    endloop
  endfacet
  facet normal 1 -0 0
    outer loop
      vertex 72.1 5.7214 7.31808
      vertex 72.1 8.75 2.2
      vertex 72.1 5.80557 7.36853
    endloop
  endfacet
  facet normal 1 -0 0
    outer loop
      vertex 72.1 5.63268 7.27612
      vertex 72.1 8.75 2.2
      vertex 72.1 5.7214 7.31808
    endloop
  endfacet
  facet normal 1 -0 0
    outer loop
      vertex 72.1 5.54028 7.24306
      vertex 72.1 8.75 2.2
      vertex 72.1 5.63268 7.27612
    endloop
  endfacet
  facet normal 1 -0 0
    outer loop
      vertex 72.1 5.44509 7.21921
      vertex 72.1 8.75 2.2
      vertex 72.1 5.54028 7.24306
    endloop
  endfacet
  facet normal 1 -0 0
    outer loop
      vertex 72.1 5.34802 7.20481
      vertex 72.1 8.75 2.2
      vertex 72.1 5.44509 7.21921
    endloop
  endfacet
  facet normal 1 -0 0
    outer loop
      vertex 72.1 5.25 7.2
      vertex 72.1 8.75 2.2
      vertex 72.1 5.34802 7.20481
    endloop
  endfacet
  facet normal 1 0 0
    outer loop
      vertex 72.1 1.75 2.2
      vertex 72.1 5.25 7.2
      vertex 72.1 5.15198 7.20481
    endloop
  endfacet
  facet normal 1 0 0
    outer loop
      vertex 72.1 1.75 2.2
      vertex 72.1 5.15198 7.20481
      vertex 72.1 5.05491 7.21921
    endloop
  endfacet
  facet normal 1 0 0
    outer loop
      vertex 72.1 1.75 2.2
      vertex 72.1 5.05491 7.21921
      vertex 72.1 4.95971 7.24306
    endloop
  endfacet
  facet normal 1 0 0
    outer loop
      vertex 72.1 1.75 2.2
      vertex 72.1 4.95971 7.24306
      vertex 72.1 4.86732 7.27612
    endloop
  endfacet
  facet normal 1 0 0
    outer loop
      vertex 72.1 1.75 2.2
      vertex 72.1 4.86732 7.27612
      vertex 72.1 4.7786 7.31808
    endloop
  endfacet
  facet normal 1 0 0
    outer loop
      vertex 72.1 1.75 2.2
      vertex 72.1 4.7786 7.31808
      vertex 72.1 4.69443 7.36853
    endloop
  endfacet
  facet normal 1 0 0
    outer loop
      vertex 72.1 1.75 2.2
      vertex 72.1 4.69443 7.36853
      vertex 72.1 4.61561 7.42699
    endloop
  endfacet
  facet normal 1 0 0
    outer loop
      vertex 72.1 1.75 2.2
      vertex 72.1 4.61561 7.42699
      vertex 72.1 4.54289 7.49289
    endloop
  endfacet
  facet normal 1 0 0
    outer loop
      vertex 72.1 1.75 2.2
      vertex 72.1 4.54289 7.49289
      vertex 72.1 4.47699 7.56561
    endloop
  endfacet
  facet normal 1 0 0
    outer loop
      vertex 72.1 1.75 2.2
      vertex 72.1 4.25 8.2
      vertex 72.1 1.75 14.19
    endloop
  endfacet
  facet normal 1 0 0
    outer loop
      vertex 72.1 4.25 8.2
      vertex 72.1 1.75 2.2
      vertex 72.1 4.25482 8.10198
    endloop
  endfacet
  facet normal 1 0 0
    outer loop
      vertex 72.1 4.25482 8.10198
      vertex 72.1 1.75 2.2
      vertex 72.1 4.26921 8.00491
    endloop
  endfacet
  facet normal 1 0 0
    outer loop
      vertex 72.1 4.26921 8.00491
      vertex 72.1 1.75 2.2
      vertex 72.1 4.29306 7.90971
    endloop
  endfacet
  facet normal 1 0 0
    outer loop
      vertex 72.1 5.25 7.2
      vertex 72.1 1.75 2.2
      vertex 72.1 8.75 2.2
    endloop
  endfacet
  facet normal 1 0 0
    outer loop
      vertex 72.1 4.41853 7.64443
      vertex 72.1 1.75 2.2
      vertex 72.1 4.47699 7.56561
    endloop
  endfacet
  facet normal 1 0 0
    outer loop
      vertex 72.1 4.36808 7.7286
      vertex 72.1 1.75 2.2
      vertex 72.1 4.41853 7.64443
    endloop
  endfacet
  facet normal 1 0 0
    outer loop
      vertex 72.1 4.32612 7.81732
      vertex 72.1 1.75 2.2
      vertex 72.1 4.36808 7.7286
    endloop
  endfacet
  facet normal 1 0 0
    outer loop
      vertex 72.1 4.29306 7.90971
      vertex 72.1 1.75 2.2
      vertex 72.1 4.32612 7.81732
    endloop
  endfacet
  facet normal -0 0 1
    outer loop
      vertex 66.1 8.75 14.19
      vertex 72.1 1.75 14.19
      vertex 72.1 8.75 14.19
    endloop
  endfacet
  facet normal 0 0 1
    outer loop
      vertex 72.1 1.75 14.19
      vertex 66.1 8.75 14.19
      vertex 66.1 1.75 14.19
    endloop
  endfacet
  facet normal -1 0 0
    outer loop
      vertex 66.1 8.75 2.2
      vertex 66.1 6.25 8.2
      vertex 66.1 8.75 14.19
    endloop
  endfacet
  facet normal -1 0 0
    outer loop
      vertex 66.1 8.75 2.2
      vertex 66.1 6.24518 8.10198
      vertex 66.1 6.25 8.2
    endloop
  endfacet
  facet normal -1 0 0
    outer loop
      vertex 66.1 8.75 2.2
      vertex 66.1 6.23078 8.00491
      vertex 66.1 6.24518 8.10198
    endloop
  endfacet
  facet normal -1 0 0
    outer loop
      vertex 66.1 8.75 2.2
      vertex 66.1 6.20694 7.90971
      vertex 66.1 6.23078 8.00491
    endloop
  endfacet
  facet normal -1 0 0
    outer loop
      vertex 66.1 8.75 2.2
      vertex 66.1 6.17388 7.81732
      vertex 66.1 6.20694 7.90971
    endloop
  endfacet
  facet normal -1 0 0
    outer loop
      vertex 66.1 8.75 2.2
      vertex 66.1 6.13192 7.7286
      vertex 66.1 6.17388 7.81732
    endloop
  endfacet
  facet normal -1 0 0
    outer loop
      vertex 66.1 8.75 2.2
      vertex 66.1 6.08147 7.64443
      vertex 66.1 6.13192 7.7286
    endloop
  endfacet
  facet normal -1 0 0
    outer loop
      vertex 66.1 8.75 2.2
      vertex 66.1 6.02301 7.56561
      vertex 66.1 6.08147 7.64443
    endloop
  endfacet
  facet normal -1 0 0
    outer loop
      vertex 66.1 8.75 2.2
      vertex 66.1 5.95711 7.49289
      vertex 66.1 6.02301 7.56561
    endloop
  endfacet
  facet normal -1 0 0
    outer loop
      vertex 66.1 8.75 2.2
      vertex 66.1 5.88439 7.42699
      vertex 66.1 5.95711 7.49289
    endloop
  endfacet
  facet normal -1 0 0
    outer loop
      vertex 66.1 8.75 2.2
      vertex 66.1 5.80557 7.36853
      vertex 66.1 5.88439 7.42699
    endloop
  endfacet
  facet normal -1 0 0
    outer loop
      vertex 66.1 8.75 2.2
      vertex 66.1 5.7214 7.31808
      vertex 66.1 5.80557 7.36853
    endloop
  endfacet
  facet normal -1 0 0
    outer loop
      vertex 66.1 8.75 2.2
      vertex 66.1 5.63268 7.27612
      vertex 66.1 5.7214 7.31808
    endloop
  endfacet
  facet normal -1 0 0
    outer loop
      vertex 66.1 8.75 2.2
      vertex 66.1 5.54028 7.24306
      vertex 66.1 5.63268 7.27612
    endloop
  endfacet
  facet normal -1 0 0
    outer loop
      vertex 66.1 8.75 2.2
      vertex 66.1 5.44509 7.21921
      vertex 66.1 5.54028 7.24306
    endloop
  endfacet
  facet normal -1 0 0
    outer loop
      vertex 66.1 8.75 2.2
      vertex 66.1 5.34802 7.20481
      vertex 66.1 5.44509 7.21921
    endloop
  endfacet
  facet normal -1 0 0
    outer loop
      vertex 66.1 8.75 2.2
      vertex 66.1 5.25 7.2
      vertex 66.1 5.34802 7.20481
    endloop
  endfacet
  facet normal -1 0 0
    outer loop
      vertex 66.1 1.75 2.2
      vertex 66.1 5.25 7.2
      vertex 66.1 8.75 2.2
    endloop
  endfacet
  facet normal -1 -0 0
    outer loop
      vertex 66.1 5.25 7.2
      vertex 66.1 1.75 2.2
      vertex 66.1 5.15198 7.20481
    endloop
  endfacet
  facet normal -1 -0 0
    outer loop
      vertex 66.1 5.15198 7.20481
      vertex 66.1 1.75 2.2
      vertex 66.1 5.05491 7.21921
    endloop
  endfacet
  facet normal -1 -0 0
    outer loop
      vertex 66.1 5.05491 7.21921
      vertex 66.1 1.75 2.2
      vertex 66.1 4.95971 7.24306
    endloop
  endfacet
  facet normal -1 -0 0
    outer loop
      vertex 66.1 4.95971 7.24306
      vertex 66.1 1.75 2.2
      vertex 66.1 4.86732 7.27612
    endloop
  endfacet
  facet normal -1 -0 0
    outer loop
      vertex 66.1 4.86732 7.27612
      vertex 66.1 1.75 2.2
      vertex 66.1 4.7786 7.31808
    endloop
  endfacet
  facet normal -1 -0 0
    outer loop
      vertex 66.1 4.7786 7.31808
      vertex 66.1 1.75 2.2
      vertex 66.1 4.69443 7.36853
    endloop
  endfacet
  facet normal -1 -0 0
    outer loop
      vertex 66.1 4.69443 7.36853
      vertex 66.1 1.75 2.2
      vertex 66.1 4.61561 7.42699
    endloop
  endfacet
  facet normal -1 -0 0
    outer loop
      vertex 66.1 4.61561 7.42699
      vertex 66.1 1.75 2.2
      vertex 66.1 4.54289 7.49289
    endloop
  endfacet
  facet normal -1 -0 0
    outer loop
      vertex 66.1 4.25482 8.10198
      vertex 66.1 1.75 2.2
      vertex 66.1 4.25 8.2
    endloop
  endfacet
  facet normal -1 -0 0
    outer loop
      vertex 66.1 4.26921 8.00491
      vertex 66.1 1.75 2.2
      vertex 66.1 4.25482 8.10198
    endloop
  endfacet
  facet normal -1 -0 0
    outer loop
      vertex 66.1 4.29306 7.90971
      vertex 66.1 1.75 2.2
      vertex 66.1 4.26921 8.00491
    endloop
  endfacet
  facet normal -1 -0 0
    outer loop
      vertex 66.1 4.32612 7.81732
      vertex 66.1 1.75 2.2
      vertex 66.1 4.29306 7.90971
    endloop
  endfacet
  facet normal -1 -0 0
    outer loop
      vertex 66.1 4.36808 7.7286
      vertex 66.1 1.75 2.2
      vertex 66.1 4.32612 7.81732
    endloop
  endfacet
  facet normal -1 -0 0
    outer loop
      vertex 66.1 4.41853 7.64443
      vertex 66.1 1.75 2.2
      vertex 66.1 4.36808 7.7286
    endloop
  endfacet
  facet normal -1 -0 0
    outer loop
      vertex 66.1 4.47699 7.56561
      vertex 66.1 1.75 2.2
      vertex 66.1 4.41853 7.64443
    endloop
  endfacet
  facet normal -1 -0 0
    outer loop
      vertex 66.1 4.54289 7.49289
      vertex 66.1 1.75 2.2
      vertex 66.1 4.47699 7.56561
    endloop
  endfacet
  facet normal -1 0 0
    outer loop
      vertex 66.1 6.24518 8.29802
      vertex 66.1 8.75 14.19
      vertex 66.1 6.25 8.2
    endloop
  endfacet
  facet normal -1 0 0
    outer loop
      vertex 66.1 6.23078 8.39509
      vertex 66.1 8.75 14.19
      vertex 66.1 6.24518 8.29802
    endloop
  endfacet
  facet normal -1 0 0
    outer loop
      vertex 66.1 6.20694 8.49028
      vertex 66.1 8.75 14.19
      vertex 66.1 6.23078 8.39509
    endloop
  endfacet
  facet normal -1 0 0
    outer loop
      vertex 66.1 6.17388 8.58268
      vertex 66.1 8.75 14.19
      vertex 66.1 6.20694 8.49028
    endloop
  endfacet
  facet normal -1 0 0
    outer loop
      vertex 66.1 6.13192 8.6714
      vertex 66.1 8.75 14.19
      vertex 66.1 6.17388 8.58268
    endloop
  endfacet
  facet normal -1 0 0
    outer loop
      vertex 66.1 6.08147 8.75557
      vertex 66.1 8.75 14.19
      vertex 66.1 6.13192 8.6714
    endloop
  endfacet
  facet normal -1 0 0
    outer loop
      vertex 66.1 6.02301 8.83439
      vertex 66.1 8.75 14.19
      vertex 66.1 6.08147 8.75557
    endloop
  endfacet
  facet normal -1 0 0
    outer loop
      vertex 66.1 5.95711 8.90711
      vertex 66.1 8.75 14.19
      vertex 66.1 6.02301 8.83439
    endloop
  endfacet
  facet normal -1 0 0
    outer loop
      vertex 66.1 5.88439 8.97301
      vertex 66.1 8.75 14.19
      vertex 66.1 5.95711 8.90711
    endloop
  endfacet
  facet normal -1 0 0
    outer loop
      vertex 66.1 5.80557 9.03147
      vertex 66.1 8.75 14.19
      vertex 66.1 5.88439 8.97301
    endloop
  endfacet
  facet normal -1 0 0
    outer loop
      vertex 66.1 5.7214 9.08192
      vertex 66.1 8.75 14.19
      vertex 66.1 5.80557 9.03147
    endloop
  endfacet
  facet normal -1 0 0
    outer loop
      vertex 66.1 5.63268 9.12388
      vertex 66.1 8.75 14.19
      vertex 66.1 5.7214 9.08192
    endloop
  endfacet
  facet normal -1 0 0
    outer loop
      vertex 66.1 5.54028 9.15694
      vertex 66.1 8.75 14.19
      vertex 66.1 5.63268 9.12388
    endloop
  endfacet
  facet normal -1 0 0
    outer loop
      vertex 66.1 5.44509 9.18079
      vertex 66.1 8.75 14.19
      vertex 66.1 5.54028 9.15694
    endloop
  endfacet
  facet normal -1 0 0
    outer loop
      vertex 66.1 5.34802 9.19518
      vertex 66.1 8.75 14.19
      vertex 66.1 5.44509 9.18079
    endloop
  endfacet
  facet normal -1 0 0
    outer loop
      vertex 66.1 5.25 9.2
      vertex 66.1 8.75 14.19
      vertex 66.1 5.34802 9.19518
    endloop
  endfacet
  facet normal -1 0 0
    outer loop
      vertex 66.1 1.75 14.19
      vertex 66.1 5.25 9.2
      vertex 66.1 5.15198 9.19518
    endloop
  endfacet
  facet normal -1 0 0
    outer loop
      vertex 66.1 1.75 14.19
      vertex 66.1 5.15198 9.19518
      vertex 66.1 5.05491 9.18079
    endloop
  endfacet
  facet normal -1 0 0
    outer loop
      vertex 66.1 1.75 14.19
      vertex 66.1 5.05491 9.18079
      vertex 66.1 4.95971 9.15694
    endloop
  endfacet
  facet normal -1 0 0
    outer loop
      vertex 66.1 1.75 14.19
      vertex 66.1 4.95971 9.15694
      vertex 66.1 4.86732 9.12388
    endloop
  endfacet
  facet normal -1 0 0
    outer loop
      vertex 66.1 1.75 14.19
      vertex 66.1 4.86732 9.12388
      vertex 66.1 4.7786 9.08192
    endloop
  endfacet
  facet normal -1 0 0
    outer loop
      vertex 66.1 1.75 14.19
      vertex 66.1 4.7786 9.08192
      vertex 66.1 4.69443 9.03147
    endloop
  endfacet
  facet normal -1 0 0
    outer loop
      vertex 66.1 1.75 14.19
      vertex 66.1 4.69443 9.03147
      vertex 66.1 4.61561 8.97301
    endloop
  endfacet
  facet normal -1 0 0
    outer loop
      vertex 66.1 1.75 14.19
      vertex 66.1 4.61561 8.97301
      vertex 66.1 4.54289 8.90711
    endloop
  endfacet
  facet normal -1 0 0
    outer loop
      vertex 66.1 1.75 14.19
      vertex 66.1 4.54289 8.90711
      vertex 66.1 4.47699 8.83439
    endloop
  endfacet
  facet normal -1 0 0
    outer loop
      vertex 66.1 1.75 14.19
      vertex 66.1 4.25 8.2
      vertex 66.1 1.75 2.2
    endloop
  endfacet
  facet normal -1 0 0
    outer loop
      vertex 66.1 4.25 8.2
      vertex 66.1 1.75 14.19
      vertex 66.1 4.25482 8.29802
    endloop
  endfacet
  facet normal -1 0 0
    outer loop
      vertex 66.1 4.25482 8.29802
      vertex 66.1 1.75 14.19
      vertex 66.1 4.26921 8.39509
    endloop
  endfacet
  facet normal -1 0 0
    outer loop
      vertex 66.1 4.26921 8.39509
      vertex 66.1 1.75 14.19
      vertex 66.1 4.29306 8.49028
    endloop
  endfacet
  facet normal -1 0 0
    outer loop
      vertex 66.1 5.25 9.2
      vertex 66.1 1.75 14.19
      vertex 66.1 8.75 14.19
    endloop
  endfacet
  facet normal -1 0 0
    outer loop
      vertex 66.1 4.41853 8.75557
      vertex 66.1 1.75 14.19
      vertex 66.1 4.47699 8.83439
    endloop
  endfacet
  facet normal -1 0 0
    outer loop
      vertex 66.1 4.36808 8.6714
      vertex 66.1 1.75 14.19
      vertex 66.1 4.41853 8.75557
    endloop
  endfacet
  facet normal -1 0 0
    outer loop
      vertex 66.1 4.32612 8.58268
      vertex 66.1 1.75 14.19
      vertex 66.1 4.36808 8.6714
    endloop
  endfacet
  facet normal -1 0 0
    outer loop
      vertex 66.1 4.29306 8.49028
      vertex 66.1 1.75 14.19
      vertex 66.1 4.32612 8.58268
    endloop
  endfacet
  facet normal 0 1 -0
    outer loop
      vertex 72.1 8.75 2.2
      vertex 66.1 8.75 14.19
      vertex 72.1 8.75 14.19
    endloop
  endfacet
  facet normal 0 1 0
    outer loop
      vertex 66.1 8.75 14.19
      vertex 72.1 8.75 2.2
      vertex 66.1 8.75 2.2
    endloop
  endfacet
  facet normal 0 -1 0
    outer loop
      vertex 66.1 1.75 2.2
      vertex 72.1 1.75 14.19
      vertex 66.1 1.75 14.19
    endloop
  endfacet
  facet normal 0 -1 -0
    outer loop
      vertex 72.1 1.75 14.19
      vertex 66.1 1.75 2.2
      vertex 72.1 1.75 2.2
    endloop
  endfacet
  facet normal 1 0 0
    outer loop
      vertex 7.5 130.85 14.19
      vertex 7.5 128.35 8.2
      vertex 7.5 130.85 2.2
    endloop
  endfacet
  facet normal 1 0 0
    outer loop
      vertex 7.5 130.85 14.19
      vertex 7.5 128.345 8.29802
      vertex 7.5 128.35 8.2
    endloop
  endfacet
  facet normal 1 0 0
    outer loop
      vertex 7.5 130.85 14.19
      vertex 7.5 128.331 8.39509
      vertex 7.5 128.345 8.29802
    endloop
  endfacet
  facet normal 1 0 0
    outer loop
      vertex 7.5 130.85 14.19
      vertex 7.5 128.307 8.49028
      vertex 7.5 128.331 8.39509
    endloop
  endfacet
  facet normal 1 0 0
    outer loop
      vertex 7.5 130.85 14.19
      vertex 7.5 128.274 8.58268
      vertex 7.5 128.307 8.49028
    endloop
  endfacet
  facet normal 1 0 0
    outer loop
      vertex 7.5 130.85 14.19
      vertex 7.5 128.232 8.6714
      vertex 7.5 128.274 8.58268
    endloop
  endfacet
  facet normal 1 0 0
    outer loop
      vertex 7.5 130.85 14.19
      vertex 7.5 128.181 8.75557
      vertex 7.5 128.232 8.6714
    endloop
  endfacet
  facet normal 1 0 0
    outer loop
      vertex 7.5 130.85 14.19
      vertex 7.5 128.123 8.83439
      vertex 7.5 128.181 8.75557
    endloop
  endfacet
  facet normal 1 0 0
    outer loop
      vertex 7.5 130.85 14.19
      vertex 7.5 128.057 8.90711
      vertex 7.5 128.123 8.83439
    endloop
  endfacet
  facet normal 1 0 0
    outer loop
      vertex 7.5 130.85 14.19
      vertex 7.5 127.984 8.97301
      vertex 7.5 128.057 8.90711
    endloop
  endfacet
  facet normal 1 0 0
    outer loop
      vertex 7.5 130.85 14.19
      vertex 7.5 127.906 9.03147
      vertex 7.5 127.984 8.97301
    endloop
  endfacet
  facet normal 1 0 0
    outer loop
      vertex 7.5 130.85 14.19
      vertex 7.5 127.821 9.08192
      vertex 7.5 127.906 9.03147
    endloop
  endfacet
  facet normal 1 0 0
    outer loop
      vertex 7.5 130.85 14.19
      vertex 7.5 127.733 9.12388
      vertex 7.5 127.821 9.08192
    endloop
  endfacet
  facet normal 1 0 0
    outer loop
      vertex 7.5 130.85 14.19
      vertex 7.5 127.64 9.15694
      vertex 7.5 127.733 9.12388
    endloop
  endfacet
  facet normal 1 0 0
    outer loop
      vertex 7.5 130.85 14.19
      vertex 7.5 127.545 9.18079
      vertex 7.5 127.64 9.15694
    endloop
  endfacet
  facet normal 1 0 0
    outer loop
      vertex 7.5 130.85 14.19
      vertex 7.5 127.448 9.19518
      vertex 7.5 127.545 9.18079
    endloop
  endfacet
  facet normal 1 0 0
    outer loop
      vertex 7.5 130.85 14.19
      vertex 7.5 127.35 9.2
      vertex 7.5 127.448 9.19518
    endloop
  endfacet
  facet normal 1 -0 0
    outer loop
      vertex 7.5 123.85 14.19
      vertex 7.5 127.35 9.2
      vertex 7.5 130.85 14.19
    endloop
  endfacet
  facet normal 1 0 0
    outer loop
      vertex 7.5 127.35 9.2
      vertex 7.5 123.85 14.19
      vertex 7.5 127.252 9.19518
    endloop
  endfacet
  facet normal 1 0 0
    outer loop
      vertex 7.5 127.252 9.19518
      vertex 7.5 123.85 14.19
      vertex 7.5 127.155 9.18079
    endloop
  endfacet
  facet normal 1 -0 -0
    outer loop
      vertex 7.5 124.35 10.04
      vertex 7.5 127.155 9.18079
      vertex 7.5 123.85 14.19
    endloop
  endfacet
  facet normal 1 0 0
    outer loop
      vertex 7.5 127.155 9.18079
      vertex 7.5 124.35 10.04
      vertex 7.5 127.06 9.15694
    endloop
  endfacet
  facet normal 1 0 0
    outer loop
      vertex 7.5 127.06 9.15694
      vertex 7.5 124.35 10.04
      vertex 7.5 126.967 9.12388
    endloop
  endfacet
  facet normal 1 0 0
    outer loop
      vertex 7.5 126.967 9.12388
      vertex 7.5 124.35 10.04
      vertex 7.5 126.879 9.08192
    endloop
  endfacet
  facet normal 1 0 0
    outer loop
      vertex 7.5 126.879 9.08192
      vertex 7.5 124.35 10.04
      vertex 7.5 126.794 9.03147
    endloop
  endfacet
  facet normal 1 0 0
    outer loop
      vertex 7.5 126.794 9.03147
      vertex 7.5 124.35 10.04
      vertex 7.5 126.716 8.97301
    endloop
  endfacet
  facet normal 1 0 0
    outer loop
      vertex 7.5 126.355 8.29802
      vertex 7.5 124.35 10.04
      vertex 7.5 126.35 8.2
    endloop
  endfacet
  facet normal 1 0 0
    outer loop
      vertex 7.5 126.369 8.39509
      vertex 7.5 124.35 10.04
      vertex 7.5 126.355 8.29802
    endloop
  endfacet
  facet normal 1 0 0
    outer loop
      vertex 7.5 126.393 8.49028
      vertex 7.5 124.35 10.04
      vertex 7.5 126.369 8.39509
    endloop
  endfacet
  facet normal 1 0 0
    outer loop
      vertex 7.5 126.426 8.58268
      vertex 7.5 124.35 10.04
      vertex 7.5 126.393 8.49028
    endloop
  endfacet
  facet normal 1 0 0
    outer loop
      vertex 7.5 126.468 8.6714
      vertex 7.5 124.35 10.04
      vertex 7.5 126.426 8.58268
    endloop
  endfacet
  facet normal 1 0 0
    outer loop
      vertex 7.5 126.519 8.75557
      vertex 7.5 124.35 10.04
      vertex 7.5 126.468 8.6714
    endloop
  endfacet
  facet normal 1 0 0
    outer loop
      vertex 7.5 126.577 8.83439
      vertex 7.5 124.35 10.04
      vertex 7.5 126.519 8.75557
    endloop
  endfacet
  facet normal 1 0 0
    outer loop
      vertex 7.5 126.716 8.97301
      vertex 7.5 124.35 10.04
      vertex 7.5 126.643 8.90711
    endloop
  endfacet
  facet normal 1 0 0
    outer loop
      vertex 7.5 126.643 8.90711
      vertex 7.5 124.35 10.04
      vertex 7.5 126.577 8.83439
    endloop
  endfacet
  facet normal 1 0 0
    outer loop
      vertex 7.5 124.35 10.04
      vertex 7.5 123.85 14.19
      vertex 7.5 123.85 10.04
    endloop
  endfacet
  facet normal 1 -0 0
    outer loop
      vertex 7.5 128.345 8.10198
      vertex 7.5 130.85 2.2
      vertex 7.5 128.35 8.2
    endloop
  endfacet
  facet normal 1 -0 0
    outer loop
      vertex 7.5 128.331 8.00491
      vertex 7.5 130.85 2.2
      vertex 7.5 128.345 8.10198
    endloop
  endfacet
  facet normal 1 -0 0
    outer loop
      vertex 7.5 128.307 7.90971
      vertex 7.5 130.85 2.2
      vertex 7.5 128.331 8.00491
    endloop
  endfacet
  facet normal 1 -0 0
    outer loop
      vertex 7.5 128.274 7.81732
      vertex 7.5 130.85 2.2
      vertex 7.5 128.307 7.90971
    endloop
  endfacet
  facet normal 1 -0 0
    outer loop
      vertex 7.5 128.232 7.7286
      vertex 7.5 130.85 2.2
      vertex 7.5 128.274 7.81732
    endloop
  endfacet
  facet normal 1 -0 0
    outer loop
      vertex 7.5 128.181 7.64443
      vertex 7.5 130.85 2.2
      vertex 7.5 128.232 7.7286
    endloop
  endfacet
  facet normal 1 -0 0
    outer loop
      vertex 7.5 128.123 7.56561
      vertex 7.5 130.85 2.2
      vertex 7.5 128.181 7.64443
    endloop
  endfacet
  facet normal 1 -0 0
    outer loop
      vertex 7.5 128.057 7.49289
      vertex 7.5 130.85 2.2
      vertex 7.5 128.123 7.56561
    endloop
  endfacet
  facet normal 1 -0 0
    outer loop
      vertex 7.5 127.984 7.42699
      vertex 7.5 130.85 2.2
      vertex 7.5 128.057 7.49289
    endloop
  endfacet
  facet normal 1 -0 0
    outer loop
      vertex 7.5 127.906 7.36853
      vertex 7.5 130.85 2.2
      vertex 7.5 127.984 7.42699
    endloop
  endfacet
  facet normal 1 -0 0
    outer loop
      vertex 7.5 127.821 7.31808
      vertex 7.5 130.85 2.2
      vertex 7.5 127.906 7.36853
    endloop
  endfacet
  facet normal 1 -0 0
    outer loop
      vertex 7.5 127.733 7.27612
      vertex 7.5 130.85 2.2
      vertex 7.5 127.821 7.31808
    endloop
  endfacet
  facet normal 1 -0 0
    outer loop
      vertex 7.5 127.64 7.24306
      vertex 7.5 130.85 2.2
      vertex 7.5 127.733 7.27612
    endloop
  endfacet
  facet normal 1 -0 0
    outer loop
      vertex 7.5 127.545 7.21921
      vertex 7.5 130.85 2.2
      vertex 7.5 127.64 7.24306
    endloop
  endfacet
  facet normal 1 -0 0
    outer loop
      vertex 7.5 127.448 7.20481
      vertex 7.5 130.85 2.2
      vertex 7.5 127.545 7.21921
    endloop
  endfacet
  facet normal 1 -0 0
    outer loop
      vertex 7.5 127.35 7.2
      vertex 7.5 130.85 2.2
      vertex 7.5 127.448 7.20481
    endloop
  endfacet
  facet normal 1 0 0
    outer loop
      vertex 7.5 124.35 2.2
      vertex 7.5 127.35 7.2
      vertex 7.5 127.252 7.20481
    endloop
  endfacet
  facet normal 1 0 0
    outer loop
      vertex 7.5 124.35 2.2
      vertex 7.5 127.252 7.20481
      vertex 7.5 127.155 7.21921
    endloop
  endfacet
  facet normal 1 0 0
    outer loop
      vertex 7.5 124.35 2.2
      vertex 7.5 127.155 7.21921
      vertex 7.5 127.06 7.24306
    endloop
  endfacet
  facet normal 1 0 0
    outer loop
      vertex 7.5 124.35 2.2
      vertex 7.5 127.06 7.24306
      vertex 7.5 126.967 7.27612
    endloop
  endfacet
  facet normal 1 0 0
    outer loop
      vertex 7.5 124.35 2.2
      vertex 7.5 126.967 7.27612
      vertex 7.5 126.879 7.31808
    endloop
  endfacet
  facet normal 1 0 0
    outer loop
      vertex 7.5 124.35 2.2
      vertex 7.5 126.879 7.31808
      vertex 7.5 126.794 7.36853
    endloop
  endfacet
  facet normal 1 0 0
    outer loop
      vertex 7.5 124.35 2.2
      vertex 7.5 126.794 7.36853
      vertex 7.5 126.716 7.42699
    endloop
  endfacet
  facet normal 1 0 0
    outer loop
      vertex 7.5 124.35 2.2
      vertex 7.5 126.716 7.42699
      vertex 7.5 126.643 7.49289
    endloop
  endfacet
  facet normal 1 0 0
    outer loop
      vertex 7.5 124.35 2.2
      vertex 7.5 126.643 7.49289
      vertex 7.5 126.577 7.56561
    endloop
  endfacet
  facet normal 1 0 0
    outer loop
      vertex 7.5 124.35 10.04
      vertex 7.5 126.355 8.10198
      vertex 7.5 126.35 8.2
    endloop
  endfacet
  facet normal 1 0 0
    outer loop
      vertex 7.5 124.35 10.04
      vertex 7.5 126.369 8.00491
      vertex 7.5 126.355 8.10198
    endloop
  endfacet
  facet normal 1 0 0
    outer loop
      vertex 7.5 124.35 10.04
      vertex 7.5 126.393 7.90971
      vertex 7.5 126.369 8.00491
    endloop
  endfacet
  facet normal 1 0 0
    outer loop
      vertex 7.5 124.35 10.04
      vertex 7.5 126.426 7.81732
      vertex 7.5 126.393 7.90971
    endloop
  endfacet
  facet normal 1 0 0
    outer loop
      vertex 7.5 124.35 2.2
      vertex 7.5 126.426 7.81732
      vertex 7.5 124.35 10.04
    endloop
  endfacet
  facet normal 1 0 0
    outer loop
      vertex 7.5 126.426 7.81732
      vertex 7.5 124.35 2.2
      vertex 7.5 126.468 7.7286
    endloop
  endfacet
  facet normal 1 0 0
    outer loop
      vertex 7.5 126.468 7.7286
      vertex 7.5 124.35 2.2
      vertex 7.5 126.519 7.64443
    endloop
  endfacet
  facet normal 1 0 0
    outer loop
      vertex 7.5 126.519 7.64443
      vertex 7.5 124.35 2.2
      vertex 7.5 126.577 7.56561
    endloop
  endfacet
  facet normal 1 0 0
    outer loop
      vertex 7.5 127.35 7.2
      vertex 7.5 124.35 2.2
      vertex 7.5 130.85 2.2
    endloop
  endfacet
  facet normal -0 0 1
    outer loop
      vertex 1.5 130.85 14.19
      vertex 7.5 123.85 14.19
      vertex 7.5 130.85 14.19
    endloop
  endfacet
  facet normal 0 0 1
    outer loop
      vertex 7.5 123.85 14.19
      vertex 1.5 130.85 14.19
      vertex 1.5 123.85 14.19
    endloop
  endfacet
  facet normal -1 0 0
    outer loop
      vertex 1.5 130.85 2.2
      vertex 1.5 128.35 8.2
      vertex 1.5 130.85 14.19
    endloop
  endfacet
  facet normal -1 0 0
    outer loop
      vertex 1.5 130.85 2.2
      vertex 1.5 128.345 8.10198
      vertex 1.5 128.35 8.2
    endloop
  endfacet
  facet normal -1 0 0
    outer loop
      vertex 1.5 130.85 2.2
      vertex 1.5 128.331 8.00491
      vertex 1.5 128.345 8.10198
    endloop
  endfacet
  facet normal -1 0 0
    outer loop
      vertex 1.5 130.85 2.2
      vertex 1.5 128.307 7.90971
      vertex 1.5 128.331 8.00491
    endloop
  endfacet
  facet normal -1 0 0
    outer loop
      vertex 1.5 130.85 2.2
      vertex 1.5 128.274 7.81732
      vertex 1.5 128.307 7.90971
    endloop
  endfacet
  facet normal -1 0 0
    outer loop
      vertex 1.5 130.85 2.2
      vertex 1.5 128.232 7.7286
      vertex 1.5 128.274 7.81732
    endloop
  endfacet
  facet normal -1 0 0
    outer loop
      vertex 1.5 130.85 2.2
      vertex 1.5 128.181 7.64443
      vertex 1.5 128.232 7.7286
    endloop
  endfacet
  facet normal -1 0 0
    outer loop
      vertex 1.5 130.85 2.2
      vertex 1.5 128.123 7.56561
      vertex 1.5 128.181 7.64443
    endloop
  endfacet
  facet normal -1 0 0
    outer loop
      vertex 1.5 130.85 2.2
      vertex 1.5 128.057 7.49289
      vertex 1.5 128.123 7.56561
    endloop
  endfacet
  facet normal -1 0 0
    outer loop
      vertex 1.5 130.85 2.2
      vertex 1.5 127.984 7.42699
      vertex 1.5 128.057 7.49289
    endloop
  endfacet
  facet normal -1 0 0
    outer loop
      vertex 1.5 130.85 2.2
      vertex 1.5 127.906 7.36853
      vertex 1.5 127.984 7.42699
    endloop
  endfacet
  facet normal -1 0 0
    outer loop
      vertex 1.5 130.85 2.2
      vertex 1.5 127.821 7.31808
      vertex 1.5 127.906 7.36853
    endloop
  endfacet
  facet normal -1 0 0
    outer loop
      vertex 1.5 130.85 2.2
      vertex 1.5 127.733 7.27612
      vertex 1.5 127.821 7.31808
    endloop
  endfacet
  facet normal -1 0 0
    outer loop
      vertex 1.5 130.85 2.2
      vertex 1.5 127.64 7.24306
      vertex 1.5 127.733 7.27612
    endloop
  endfacet
  facet normal -1 0 0
    outer loop
      vertex 1.5 130.85 2.2
      vertex 1.5 127.545 7.21921
      vertex 1.5 127.64 7.24306
    endloop
  endfacet
  facet normal -1 0 0
    outer loop
      vertex 1.5 130.85 2.2
      vertex 1.5 127.448 7.20481
      vertex 1.5 127.545 7.21921
    endloop
  endfacet
  facet normal -1 0 0
    outer loop
      vertex 1.5 130.85 2.2
      vertex 1.5 127.35 7.2
      vertex 1.5 127.448 7.20481
    endloop
  endfacet
  facet normal -1 0 0
    outer loop
      vertex 1.5 130.85 2.2
      vertex 1.5 127.252 7.20481
      vertex 1.5 127.35 7.2
    endloop
  endfacet
  facet normal -1 0 0
    outer loop
      vertex 1.5 130.85 2.2
      vertex 1.5 127.155 7.21921
      vertex 1.5 127.252 7.20481
    endloop
  endfacet
  facet normal -1 0 0
    outer loop
      vertex 1.5 130.85 2.2
      vertex 1.5 127.06 7.24306
      vertex 1.5 127.155 7.21921
    endloop
  endfacet
  facet normal -1 0 0
    outer loop
      vertex 1.5 130.85 2.2
      vertex 1.5 126.967 7.27612
      vertex 1.5 127.06 7.24306
    endloop
  endfacet
  facet normal -1 0 0
    outer loop
      vertex 1.5 130.85 2.2
      vertex 1.5 126.879 7.31808
      vertex 1.5 126.967 7.27612
    endloop
  endfacet
  facet normal -1 0 0
    outer loop
      vertex 1.5 130.85 2.2
      vertex 1.5 126.794 7.36853
      vertex 1.5 126.879 7.31808
    endloop
  endfacet
  facet normal -1 0 0
    outer loop
      vertex 1.5 109.35 2.2
      vertex 1.5 126.794 7.36853
      vertex 1.5 130.85 2.2
    endloop
  endfacet
  facet normal -1 -0 0
    outer loop
      vertex 1.5 126.794 7.36853
      vertex 1.5 109.35 2.2
      vertex 1.5 126.716 7.42699
    endloop
  endfacet
  facet normal -1 -0 0
    outer loop
      vertex 1.5 126.716 7.42699
      vertex 1.5 109.35 2.2
      vertex 1.5 126.643 7.49289
    endloop
  endfacet
  facet normal -1 0 0
    outer loop
      vertex 1.5 126.355 8.10198
      vertex 1.5 123.85 10.04
      vertex 1.5 126.35 8.2
    endloop
  endfacet
  facet normal -1 0 0
    outer loop
      vertex 1.5 126.369 8.00491
      vertex 1.5 123.85 10.04
      vertex 1.5 126.355 8.10198
    endloop
  endfacet
  facet normal -1 0 0
    outer loop
      vertex 1.5 126.393 7.90971
      vertex 1.5 123.85 10.04
      vertex 1.5 126.369 8.00491
    endloop
  endfacet
  facet normal -1 0 0
    outer loop
      vertex 1.5 126.426 7.81732
      vertex 1.5 123.85 10.04
      vertex 1.5 126.393 7.90971
    endloop
  endfacet
  facet normal -1 0 0
    outer loop
      vertex 1.5 126.468 7.7286
      vertex 1.5 123.85 10.04
      vertex 1.5 126.426 7.81732
    endloop
  endfacet
  facet normal -1 0 0
    outer loop
      vertex 1.5 126.519 7.64443
      vertex 1.5 123.85 10.04
      vertex 1.5 126.468 7.7286
    endloop
  endfacet
  facet normal -1 0 0
    outer loop
      vertex 1.5 126.577 7.56561
      vertex 1.5 123.85 10.04
      vertex 1.5 126.519 7.64443
    endloop
  endfacet
  facet normal -1 -0 0
    outer loop
      vertex 1.5 126.643 7.49289
      vertex 1.5 109.35 2.2
      vertex 1.5 126.577 7.56561
    endloop
  endfacet
  facet normal -1 -0 0
    outer loop
      vertex 1.5 126.577 7.56561
      vertex 1.5 109.35 2.2
      vertex 1.5 123.85 10.04
    endloop
  endfacet
  facet normal -1 -0 0
    outer loop
      vertex 1.5 123.85 10.04
      vertex 1.5 109.35 2.2
      vertex 1.5 109.35 10.04
    endloop
  endfacet
  facet normal -1 0 0
    outer loop
      vertex 1.5 128.345 8.29802
      vertex 1.5 130.85 14.19
      vertex 1.5 128.35 8.2
    endloop
  endfacet
  facet normal -1 0 0
    outer loop
      vertex 1.5 128.331 8.39509
      vertex 1.5 130.85 14.19
      vertex 1.5 128.345 8.29802
    endloop
  endfacet
  facet normal -1 0 0
    outer loop
      vertex 1.5 128.307 8.49028
      vertex 1.5 130.85 14.19
      vertex 1.5 128.331 8.39509
    endloop
  endfacet
  facet normal -1 0 0
    outer loop
      vertex 1.5 128.274 8.58268
      vertex 1.5 130.85 14.19
      vertex 1.5 128.307 8.49028
    endloop
  endfacet
  facet normal -1 0 0
    outer loop
      vertex 1.5 128.232 8.6714
      vertex 1.5 130.85 14.19
      vertex 1.5 128.274 8.58268
    endloop
  endfacet
  facet normal -1 0 0
    outer loop
      vertex 1.5 128.181 8.75557
      vertex 1.5 130.85 14.19
      vertex 1.5 128.232 8.6714
    endloop
  endfacet
  facet normal -1 0 0
    outer loop
      vertex 1.5 128.123 8.83439
      vertex 1.5 130.85 14.19
      vertex 1.5 128.181 8.75557
    endloop
  endfacet
  facet normal -1 0 0
    outer loop
      vertex 1.5 128.057 8.90711
      vertex 1.5 130.85 14.19
      vertex 1.5 128.123 8.83439
    endloop
  endfacet
  facet normal -1 0 0
    outer loop
      vertex 1.5 127.984 8.97301
      vertex 1.5 130.85 14.19
      vertex 1.5 128.057 8.90711
    endloop
  endfacet
  facet normal -1 0 0
    outer loop
      vertex 1.5 127.906 9.03147
      vertex 1.5 130.85 14.19
      vertex 1.5 127.984 8.97301
    endloop
  endfacet
  facet normal -1 0 0
    outer loop
      vertex 1.5 127.821 9.08192
      vertex 1.5 130.85 14.19
      vertex 1.5 127.906 9.03147
    endloop
  endfacet
  facet normal -1 0 0
    outer loop
      vertex 1.5 127.733 9.12388
      vertex 1.5 130.85 14.19
      vertex 1.5 127.821 9.08192
    endloop
  endfacet
  facet normal -1 0 0
    outer loop
      vertex 1.5 127.64 9.15694
      vertex 1.5 130.85 14.19
      vertex 1.5 127.733 9.12388
    endloop
  endfacet
  facet normal -1 0 0
    outer loop
      vertex 1.5 127.545 9.18079
      vertex 1.5 130.85 14.19
      vertex 1.5 127.64 9.15694
    endloop
  endfacet
  facet normal -1 0 0
    outer loop
      vertex 1.5 127.448 9.19518
      vertex 1.5 130.85 14.19
      vertex 1.5 127.545 9.18079
    endloop
  endfacet
  facet normal -1 0 0
    outer loop
      vertex 1.5 127.35 9.2
      vertex 1.5 130.85 14.19
      vertex 1.5 127.448 9.19518
    endloop
  endfacet
  facet normal -1 0 0
    outer loop
      vertex 1.5 123.85 14.19
      vertex 1.5 127.35 9.2
      vertex 1.5 127.252 9.19518
    endloop
  endfacet
  facet normal -1 0 0
    outer loop
      vertex 1.5 123.85 14.19
      vertex 1.5 127.252 9.19518
      vertex 1.5 127.155 9.18079
    endloop
  endfacet
  facet normal -1 0 0
    outer loop
      vertex 1.5 123.85 14.19
      vertex 1.5 127.155 9.18079
      vertex 1.5 127.06 9.15694
    endloop
  endfacet
  facet normal -1 0 0
    outer loop
      vertex 1.5 123.85 10.04
      vertex 1.5 127.06 9.15694
      vertex 1.5 126.967 9.12388
    endloop
  endfacet
  facet normal -1 0 0
    outer loop
      vertex 1.5 123.85 10.04
      vertex 1.5 126.967 9.12388
      vertex 1.5 126.879 9.08192
    endloop
  endfacet
  facet normal -1 0 0
    outer loop
      vertex 1.5 123.85 10.04
      vertex 1.5 126.879 9.08192
      vertex 1.5 126.794 9.03147
    endloop
  endfacet
  facet normal -1 0 0
    outer loop
      vertex 1.5 123.85 10.04
      vertex 1.5 126.794 9.03147
      vertex 1.5 126.716 8.97301
    endloop
  endfacet
  facet normal -1 0 0
    outer loop
      vertex 1.5 123.85 10.04
      vertex 1.5 126.716 8.97301
      vertex 1.5 126.643 8.90711
    endloop
  endfacet
  facet normal -1 0 0
    outer loop
      vertex 1.5 123.85 10.04
      vertex 1.5 126.643 8.90711
      vertex 1.5 126.577 8.83439
    endloop
  endfacet
  facet normal -1 0 0
    outer loop
      vertex 1.5 123.85 10.04
      vertex 1.5 126.355 8.29802
      vertex 1.5 126.35 8.2
    endloop
  endfacet
  facet normal -1 0 0
    outer loop
      vertex 1.5 123.85 10.04
      vertex 1.5 126.369 8.39509
      vertex 1.5 126.355 8.29802
    endloop
  endfacet
  facet normal -1 0 0
    outer loop
      vertex 1.5 123.85 10.04
      vertex 1.5 126.393 8.49028
      vertex 1.5 126.369 8.39509
    endloop
  endfacet
  facet normal -1 0 0
    outer loop
      vertex 1.5 123.85 10.04
      vertex 1.5 126.426 8.58268
      vertex 1.5 126.393 8.49028
    endloop
  endfacet
  facet normal -1 0 0
    outer loop
      vertex 1.5 123.85 10.04
      vertex 1.5 126.468 8.6714
      vertex 1.5 126.426 8.58268
    endloop
  endfacet
  facet normal -1 0 0
    outer loop
      vertex 1.5 123.85 10.04
      vertex 1.5 126.519 8.75557
      vertex 1.5 126.468 8.6714
    endloop
  endfacet
  facet normal -1 0 0
    outer loop
      vertex 1.5 123.85 10.04
      vertex 1.5 126.577 8.83439
      vertex 1.5 126.519 8.75557
    endloop
  endfacet
  facet normal -1 0 0
    outer loop
      vertex 1.5 127.06 9.15694
      vertex 1.5 123.85 10.04
      vertex 1.5 123.85 14.19
    endloop
  endfacet
  facet normal -1 0 0
    outer loop
      vertex 1.5 127.35 9.2
      vertex 1.5 123.85 14.19
      vertex 1.5 130.85 14.19
    endloop
  endfacet
  facet normal 0 1 -0
    outer loop
      vertex 7.5 130.85 2.2
      vertex 1.5 130.85 14.19
      vertex 7.5 130.85 14.19
    endloop
  endfacet
  facet normal 0 1 0
    outer loop
      vertex 1.5 130.85 14.19
      vertex 7.5 130.85 2.2
      vertex 1.5 130.85 2.2
    endloop
  endfacet
  facet normal 0 -1 0
    outer loop
      vertex 1.5 123.85 10.04
      vertex 7.5 123.85 14.19
      vertex 1.5 123.85 14.19
    endloop
  endfacet
  facet normal 0 -1 -0
    outer loop
      vertex 7.5 123.85 14.19
      vertex 1.5 123.85 10.04
      vertex 7.5 123.85 10.04
    endloop
  endfacet
  facet normal 1 0 0
    outer loop
      vertex 72.1 130.85 14.19
      vertex 72.1 128.35 8.2
      vertex 72.1 130.85 2.2
    endloop
  endfacet
  facet normal 1 0 0
    outer loop
      vertex 72.1 130.85 14.19
      vertex 72.1 128.345 8.29802
      vertex 72.1 128.35 8.2
    endloop
  endfacet
  facet normal 1 0 0
    outer loop
      vertex 72.1 130.85 14.19
      vertex 72.1 128.331 8.39509
      vertex 72.1 128.345 8.29802
    endloop
  endfacet
  facet normal 1 0 0
    outer loop
      vertex 72.1 130.85 14.19
      vertex 72.1 128.307 8.49028
      vertex 72.1 128.331 8.39509
    endloop
  endfacet
  facet normal 1 0 0
    outer loop
      vertex 72.1 130.85 14.19
      vertex 72.1 128.274 8.58268
      vertex 72.1 128.307 8.49028
    endloop
  endfacet
  facet normal 1 0 0
    outer loop
      vertex 72.1 130.85 14.19
      vertex 72.1 128.232 8.6714
      vertex 72.1 128.274 8.58268
    endloop
  endfacet
  facet normal 1 0 0
    outer loop
      vertex 72.1 130.85 14.19
      vertex 72.1 128.181 8.75557
      vertex 72.1 128.232 8.6714
    endloop
  endfacet
  facet normal 1 0 0
    outer loop
      vertex 72.1 130.85 14.19
      vertex 72.1 128.123 8.83439
      vertex 72.1 128.181 8.75557
    endloop
  endfacet
  facet normal 1 0 0
    outer loop
      vertex 72.1 130.85 14.19
      vertex 72.1 128.057 8.90711
      vertex 72.1 128.123 8.83439
    endloop
  endfacet
  facet normal 1 0 0
    outer loop
      vertex 72.1 130.85 14.19
      vertex 72.1 127.984 8.97301
      vertex 72.1 128.057 8.90711
    endloop
  endfacet
  facet normal 1 0 0
    outer loop
      vertex 72.1 130.85 14.19
      vertex 72.1 127.906 9.03147
      vertex 72.1 127.984 8.97301
    endloop
  endfacet
  facet normal 1 0 0
    outer loop
      vertex 72.1 130.85 14.19
      vertex 72.1 127.821 9.08192
      vertex 72.1 127.906 9.03147
    endloop
  endfacet
  facet normal 1 0 0
    outer loop
      vertex 72.1 130.85 14.19
      vertex 72.1 127.733 9.12388
      vertex 72.1 127.821 9.08192
    endloop
  endfacet
  facet normal 1 0 0
    outer loop
      vertex 72.1 130.85 14.19
      vertex 72.1 127.64 9.15694
      vertex 72.1 127.733 9.12388
    endloop
  endfacet
  facet normal 1 0 0
    outer loop
      vertex 72.1 130.85 14.19
      vertex 72.1 127.545 9.18079
      vertex 72.1 127.64 9.15694
    endloop
  endfacet
  facet normal 1 0 0
    outer loop
      vertex 72.1 130.85 14.19
      vertex 72.1 127.448 9.19518
      vertex 72.1 127.545 9.18079
    endloop
  endfacet
  facet normal 1 0 0
    outer loop
      vertex 72.1 130.85 14.19
      vertex 72.1 127.35 9.2
      vertex 72.1 127.448 9.19518
    endloop
  endfacet
  facet normal 1 -0 0
    outer loop
      vertex 72.1 123.85 14.19
      vertex 72.1 127.35 9.2
      vertex 72.1 130.85 14.19
    endloop
  endfacet
  facet normal 1 0 0
    outer loop
      vertex 72.1 127.35 9.2
      vertex 72.1 123.85 14.19
      vertex 72.1 127.252 9.19518
    endloop
  endfacet
  facet normal 1 0 0
    outer loop
      vertex 72.1 127.252 9.19518
      vertex 72.1 123.85 14.19
      vertex 72.1 127.155 9.18079
    endloop
  endfacet
  facet normal 1 0 0
    outer loop
      vertex 72.1 127.155 9.18079
      vertex 72.1 123.85 14.19
      vertex 72.1 127.06 9.15694
    endloop
  endfacet
  facet normal 1 -0 0
    outer loop
      vertex 72.1 123.85 10.04
      vertex 72.1 127.06 9.15694
      vertex 72.1 123.85 14.19
    endloop
  endfacet
  facet normal 1 0 0
    outer loop
      vertex 72.1 127.06 9.15694
      vertex 72.1 123.85 10.04
      vertex 72.1 126.967 9.12388
    endloop
  endfacet
  facet normal 1 0 0
    outer loop
      vertex 72.1 126.967 9.12388
      vertex 72.1 123.85 10.04
      vertex 72.1 126.879 9.08192
    endloop
  endfacet
  facet normal 1 0 0
    outer loop
      vertex 72.1 126.879 9.08192
      vertex 72.1 123.85 10.04
      vertex 72.1 126.794 9.03147
    endloop
  endfacet
  facet normal 1 0 0
    outer loop
      vertex 72.1 126.794 9.03147
      vertex 72.1 123.85 10.04
      vertex 72.1 126.716 8.97301
    endloop
  endfacet
  facet normal 1 0 0
    outer loop
      vertex 72.1 126.369 8.39509
      vertex 72.1 123.85 10.04
      vertex 72.1 126.355 8.29802
    endloop
  endfacet
  facet normal 1 0 0
    outer loop
      vertex 72.1 126.393 8.49028
      vertex 72.1 123.85 10.04
      vertex 72.1 126.369 8.39509
    endloop
  endfacet
  facet normal 1 0 0
    outer loop
      vertex 72.1 126.426 8.58268
      vertex 72.1 123.85 10.04
      vertex 72.1 126.393 8.49028
    endloop
  endfacet
  facet normal 1 0 0
    outer loop
      vertex 72.1 126.468 8.6714
      vertex 72.1 123.85 10.04
      vertex 72.1 126.426 8.58268
    endloop
  endfacet
  facet normal 1 0 0
    outer loop
      vertex 72.1 126.519 8.75557
      vertex 72.1 123.85 10.04
      vertex 72.1 126.468 8.6714
    endloop
  endfacet
  facet normal 1 0 0
    outer loop
      vertex 72.1 126.577 8.83439
      vertex 72.1 123.85 10.04
      vertex 72.1 126.519 8.75557
    endloop
  endfacet
  facet normal 1 0 0
    outer loop
      vertex 72.1 126.643 8.90711
      vertex 72.1 123.85 10.04
      vertex 72.1 126.577 8.83439
    endloop
  endfacet
  facet normal 1 0 0
    outer loop
      vertex 72.1 126.716 8.97301
      vertex 72.1 123.85 10.04
      vertex 72.1 126.643 8.90711
    endloop
  endfacet
  facet normal 1 -0 0
    outer loop
      vertex 72.1 128.345 8.10198
      vertex 72.1 130.85 2.2
      vertex 72.1 128.35 8.2
    endloop
  endfacet
  facet normal 1 -0 0
    outer loop
      vertex 72.1 128.331 8.00491
      vertex 72.1 130.85 2.2
      vertex 72.1 128.345 8.10198
    endloop
  endfacet
  facet normal 1 -0 0
    outer loop
      vertex 72.1 128.307 7.90971
      vertex 72.1 130.85 2.2
      vertex 72.1 128.331 8.00491
    endloop
  endfacet
  facet normal 1 -0 0
    outer loop
      vertex 72.1 128.274 7.81732
      vertex 72.1 130.85 2.2
      vertex 72.1 128.307 7.90971
    endloop
  endfacet
  facet normal 1 -0 0
    outer loop
      vertex 72.1 128.232 7.7286
      vertex 72.1 130.85 2.2
      vertex 72.1 128.274 7.81732
    endloop
  endfacet
  facet normal 1 -0 0
    outer loop
      vertex 72.1 128.181 7.64443
      vertex 72.1 130.85 2.2
      vertex 72.1 128.232 7.7286
    endloop
  endfacet
  facet normal 1 -0 0
    outer loop
      vertex 72.1 128.123 7.56561
      vertex 72.1 130.85 2.2
      vertex 72.1 128.181 7.64443
    endloop
  endfacet
  facet normal 1 -0 0
    outer loop
      vertex 72.1 128.057 7.49289
      vertex 72.1 130.85 2.2
      vertex 72.1 128.123 7.56561
    endloop
  endfacet
  facet normal 1 -0 0
    outer loop
      vertex 72.1 127.984 7.42699
      vertex 72.1 130.85 2.2
      vertex 72.1 128.057 7.49289
    endloop
  endfacet
  facet normal 1 -0 0
    outer loop
      vertex 72.1 127.906 7.36853
      vertex 72.1 130.85 2.2
      vertex 72.1 127.984 7.42699
    endloop
  endfacet
  facet normal 1 -0 0
    outer loop
      vertex 72.1 127.821 7.31808
      vertex 72.1 130.85 2.2
      vertex 72.1 127.906 7.36853
    endloop
  endfacet
  facet normal 1 -0 0
    outer loop
      vertex 72.1 127.733 7.27612
      vertex 72.1 130.85 2.2
      vertex 72.1 127.821 7.31808
    endloop
  endfacet
  facet normal 1 -0 0
    outer loop
      vertex 72.1 127.64 7.24306
      vertex 72.1 130.85 2.2
      vertex 72.1 127.733 7.27612
    endloop
  endfacet
  facet normal 1 -0 0
    outer loop
      vertex 72.1 127.545 7.21921
      vertex 72.1 130.85 2.2
      vertex 72.1 127.64 7.24306
    endloop
  endfacet
  facet normal 1 -0 0
    outer loop
      vertex 72.1 127.448 7.20481
      vertex 72.1 130.85 2.2
      vertex 72.1 127.545 7.21921
    endloop
  endfacet
  facet normal 1 -0 0
    outer loop
      vertex 72.1 127.35 7.2
      vertex 72.1 130.85 2.2
      vertex 72.1 127.448 7.20481
    endloop
  endfacet
  facet normal 1 0 0
    outer loop
      vertex 72.1 127.252 7.20481
      vertex 72.1 130.85 2.2
      vertex 72.1 127.35 7.2
    endloop
  endfacet
  facet normal 1 0 0
    outer loop
      vertex 72.1 127.155 7.21921
      vertex 72.1 130.85 2.2
      vertex 72.1 127.252 7.20481
    endloop
  endfacet
  facet normal 1 0 0
    outer loop
      vertex 72.1 127.06 7.24306
      vertex 72.1 130.85 2.2
      vertex 72.1 127.155 7.21921
    endloop
  endfacet
  facet normal 1 0 0
    outer loop
      vertex 72.1 126.967 7.27612
      vertex 72.1 130.85 2.2
      vertex 72.1 127.06 7.24306
    endloop
  endfacet
  facet normal 1 0 0
    outer loop
      vertex 72.1 126.879 7.31808
      vertex 72.1 130.85 2.2
      vertex 72.1 126.967 7.27612
    endloop
  endfacet
  facet normal 1 0 0
    outer loop
      vertex 72.1 126.794 7.36853
      vertex 72.1 130.85 2.2
      vertex 72.1 126.879 7.31808
    endloop
  endfacet
  facet normal 1 0 0
    outer loop
      vertex 72.1 109.35 2.2
      vertex 72.1 126.794 7.36853
      vertex 72.1 126.716 7.42699
    endloop
  endfacet
  facet normal 1 0 0
    outer loop
      vertex 72.1 109.35 2.2
      vertex 72.1 126.716 7.42699
      vertex 72.1 126.643 7.49289
    endloop
  endfacet
  facet normal 1 0 0
    outer loop
      vertex 72.1 109.35 2.2
      vertex 72.1 126.643 7.49289
      vertex 72.1 126.577 7.56561
    endloop
  endfacet
  facet normal 1 0 0
    outer loop
      vertex 72.1 126.355 8.29802
      vertex 72.1 123.85 10.04
      vertex 72.1 126.35 8.2
    endloop
  endfacet
  facet normal 1 0 0
    outer loop
      vertex 72.1 126.35 8.2
      vertex 72.1 123.85 10.04
      vertex 72.1 126.355 8.10198
    endloop
  endfacet
  facet normal 1 0 0
    outer loop
      vertex 72.1 126.355 8.10198
      vertex 72.1 123.85 10.04
      vertex 72.1 126.369 8.00491
    endloop
  endfacet
  facet normal 1 0 0
    outer loop
      vertex 72.1 126.369 8.00491
      vertex 72.1 123.85 10.04
      vertex 72.1 126.393 7.90971
    endloop
  endfacet
  facet normal 1 0 0
    outer loop
      vertex 72.1 126.393 7.90971
      vertex 72.1 123.85 10.04
      vertex 72.1 126.426 7.81732
    endloop
  endfacet
  facet normal 1 0 0
    outer loop
      vertex 72.1 123.85 10.04
      vertex 72.1 126.468 7.7286
      vertex 72.1 126.426 7.81732
    endloop
  endfacet
  facet normal 1 0 0
    outer loop
      vertex 72.1 123.85 10.04
      vertex 72.1 126.519 7.64443
      vertex 72.1 126.468 7.7286
    endloop
  endfacet
  facet normal 1 0 0
    outer loop
      vertex 72.1 123.85 10.04
      vertex 72.1 126.577 7.56561
      vertex 72.1 126.519 7.64443
    endloop
  endfacet
  facet normal 1 0 0
    outer loop
      vertex 72.1 109.35 2.2
      vertex 72.1 126.577 7.56561
      vertex 72.1 123.85 10.04
    endloop
  endfacet
  facet normal 1 0 0
    outer loop
      vertex 72.1 109.35 2.2
      vertex 72.1 123.85 10.04
      vertex 72.1 109.35 10.04
    endloop
  endfacet
  facet normal 1 0 0
    outer loop
      vertex 72.1 126.794 7.36853
      vertex 72.1 109.35 2.2
      vertex 72.1 130.85 2.2
    endloop
  endfacet
  facet normal -0 0 1
    outer loop
      vertex 66.1 130.85 14.19
      vertex 72.1 123.85 14.19
      vertex 72.1 130.85 14.19
    endloop
  endfacet
  facet normal 0 0 1
    outer loop
      vertex 72.1 123.85 14.19
      vertex 66.1 130.85 14.19
      vertex 66.1 123.85 14.19
    endloop
  endfacet
  facet normal -1 0 0
    outer loop
      vertex 66.1 130.85 2.2
      vertex 66.1 128.35 8.2
      vertex 66.1 130.85 14.19
    endloop
  endfacet
  facet normal -1 0 0
    outer loop
      vertex 66.1 130.85 2.2
      vertex 66.1 128.345 8.10198
      vertex 66.1 128.35 8.2
    endloop
  endfacet
  facet normal -1 0 0
    outer loop
      vertex 66.1 130.85 2.2
      vertex 66.1 128.331 8.00491
      vertex 66.1 128.345 8.10198
    endloop
  endfacet
  facet normal -1 0 0
    outer loop
      vertex 66.1 130.85 2.2
      vertex 66.1 128.307 7.90971
      vertex 66.1 128.331 8.00491
    endloop
  endfacet
  facet normal -1 0 0
    outer loop
      vertex 66.1 130.85 2.2
      vertex 66.1 128.274 7.81732
      vertex 66.1 128.307 7.90971
    endloop
  endfacet
  facet normal -1 0 0
    outer loop
      vertex 66.1 130.85 2.2
      vertex 66.1 128.232 7.7286
      vertex 66.1 128.274 7.81732
    endloop
  endfacet
  facet normal -1 0 0
    outer loop
      vertex 66.1 130.85 2.2
      vertex 66.1 128.181 7.64443
      vertex 66.1 128.232 7.7286
    endloop
  endfacet
  facet normal -1 0 0
    outer loop
      vertex 66.1 130.85 2.2
      vertex 66.1 128.123 7.56561
      vertex 66.1 128.181 7.64443
    endloop
  endfacet
  facet normal -1 0 0
    outer loop
      vertex 66.1 130.85 2.2
      vertex 66.1 128.057 7.49289
      vertex 66.1 128.123 7.56561
    endloop
  endfacet
  facet normal -1 0 0
    outer loop
      vertex 66.1 130.85 2.2
      vertex 66.1 127.984 7.42699
      vertex 66.1 128.057 7.49289
    endloop
  endfacet
  facet normal -1 0 0
    outer loop
      vertex 66.1 130.85 2.2
      vertex 66.1 127.906 7.36853
      vertex 66.1 127.984 7.42699
    endloop
  endfacet
  facet normal -1 0 0
    outer loop
      vertex 66.1 130.85 2.2
      vertex 66.1 127.821 7.31808
      vertex 66.1 127.906 7.36853
    endloop
  endfacet
  facet normal -1 0 0
    outer loop
      vertex 66.1 130.85 2.2
      vertex 66.1 127.733 7.27612
      vertex 66.1 127.821 7.31808
    endloop
  endfacet
  facet normal -1 0 0
    outer loop
      vertex 66.1 130.85 2.2
      vertex 66.1 127.64 7.24306
      vertex 66.1 127.733 7.27612
    endloop
  endfacet
  facet normal -1 0 0
    outer loop
      vertex 66.1 130.85 2.2
      vertex 66.1 127.545 7.21921
      vertex 66.1 127.64 7.24306
    endloop
  endfacet
  facet normal -1 0 0
    outer loop
      vertex 66.1 130.85 2.2
      vertex 66.1 127.448 7.20481
      vertex 66.1 127.545 7.21921
    endloop
  endfacet
  facet normal -1 0 0
    outer loop
      vertex 66.1 130.85 2.2
      vertex 66.1 127.35 7.2
      vertex 66.1 127.448 7.20481
    endloop
  endfacet
  facet normal -1 0 0
    outer loop
      vertex 66.1 124.35 2.2
      vertex 66.1 127.35 7.2
      vertex 66.1 130.85 2.2
    endloop
  endfacet
  facet normal -1 -0 0
    outer loop
      vertex 66.1 127.35 7.2
      vertex 66.1 124.35 2.2
      vertex 66.1 127.252 7.20481
    endloop
  endfacet
  facet normal -1 -0 0
    outer loop
      vertex 66.1 127.252 7.20481
      vertex 66.1 124.35 2.2
      vertex 66.1 127.155 7.21921
    endloop
  endfacet
  facet normal -1 -0 0
    outer loop
      vertex 66.1 127.155 7.21921
      vertex 66.1 124.35 2.2
      vertex 66.1 127.06 7.24306
    endloop
  endfacet
  facet normal -1 -0 0
    outer loop
      vertex 66.1 127.06 7.24306
      vertex 66.1 124.35 2.2
      vertex 66.1 126.967 7.27612
    endloop
  endfacet
  facet normal -1 -0 0
    outer loop
      vertex 66.1 126.967 7.27612
      vertex 66.1 124.35 2.2
      vertex 66.1 126.879 7.31808
    endloop
  endfacet
  facet normal -1 -0 0
    outer loop
      vertex 66.1 126.879 7.31808
      vertex 66.1 124.35 2.2
      vertex 66.1 126.794 7.36853
    endloop
  endfacet
  facet normal -1 -0 0
    outer loop
      vertex 66.1 126.794 7.36853
      vertex 66.1 124.35 2.2
      vertex 66.1 126.716 7.42699
    endloop
  endfacet
  facet normal -1 -0 0
    outer loop
      vertex 66.1 126.716 7.42699
      vertex 66.1 124.35 2.2
      vertex 66.1 126.643 7.49289
    endloop
  endfacet
  facet normal -1 0 0
    outer loop
      vertex 66.1 126.369 8.00491
      vertex 66.1 124.35 10.04
      vertex 66.1 126.355 8.10198
    endloop
  endfacet
  facet normal -1 0 0
    outer loop
      vertex 66.1 126.393 7.90971
      vertex 66.1 124.35 10.04
      vertex 66.1 126.369 8.00491
    endloop
  endfacet
  facet normal -1 0 0
    outer loop
      vertex 66.1 126.426 7.81732
      vertex 66.1 124.35 10.04
      vertex 66.1 126.393 7.90971
    endloop
  endfacet
  facet normal -1 0 0
    outer loop
      vertex 66.1 124.35 10.04
      vertex 66.1 126.426 7.81732
      vertex 66.1 124.35 2.2
    endloop
  endfacet
  facet normal -1 -0 0
    outer loop
      vertex 66.1 126.468 7.7286
      vertex 66.1 124.35 2.2
      vertex 66.1 126.426 7.81732
    endloop
  endfacet
  facet normal -1 -0 0
    outer loop
      vertex 66.1 126.519 7.64443
      vertex 66.1 124.35 2.2
      vertex 66.1 126.468 7.7286
    endloop
  endfacet
  facet normal -1 -0 0
    outer loop
      vertex 66.1 126.577 7.56561
      vertex 66.1 124.35 2.2
      vertex 66.1 126.519 7.64443
    endloop
  endfacet
  facet normal -1 -0 0
    outer loop
      vertex 66.1 126.643 7.49289
      vertex 66.1 124.35 2.2
      vertex 66.1 126.577 7.56561
    endloop
  endfacet
  facet normal -1 0 0
    outer loop
      vertex 66.1 128.345 8.29802
      vertex 66.1 130.85 14.19
      vertex 66.1 128.35 8.2
    endloop
  endfacet
  facet normal -1 0 0
    outer loop
      vertex 66.1 128.331 8.39509
      vertex 66.1 130.85 14.19
      vertex 66.1 128.345 8.29802
    endloop
  endfacet
  facet normal -1 0 0
    outer loop
      vertex 66.1 128.307 8.49028
      vertex 66.1 130.85 14.19
      vertex 66.1 128.331 8.39509
    endloop
  endfacet
  facet normal -1 0 0
    outer loop
      vertex 66.1 128.274 8.58268
      vertex 66.1 130.85 14.19
      vertex 66.1 128.307 8.49028
    endloop
  endfacet
  facet normal -1 0 0
    outer loop
      vertex 66.1 128.232 8.6714
      vertex 66.1 130.85 14.19
      vertex 66.1 128.274 8.58268
    endloop
  endfacet
  facet normal -1 0 0
    outer loop
      vertex 66.1 128.181 8.75557
      vertex 66.1 130.85 14.19
      vertex 66.1 128.232 8.6714
    endloop
  endfacet
  facet normal -1 0 0
    outer loop
      vertex 66.1 128.123 8.83439
      vertex 66.1 130.85 14.19
      vertex 66.1 128.181 8.75557
    endloop
  endfacet
  facet normal -1 0 0
    outer loop
      vertex 66.1 128.057 8.90711
      vertex 66.1 130.85 14.19
      vertex 66.1 128.123 8.83439
    endloop
  endfacet
  facet normal -1 0 0
    outer loop
      vertex 66.1 127.984 8.97301
      vertex 66.1 130.85 14.19
      vertex 66.1 128.057 8.90711
    endloop
  endfacet
  facet normal -1 0 0
    outer loop
      vertex 66.1 127.906 9.03147
      vertex 66.1 130.85 14.19
      vertex 66.1 127.984 8.97301
    endloop
  endfacet
  facet normal -1 0 0
    outer loop
      vertex 66.1 127.821 9.08192
      vertex 66.1 130.85 14.19
      vertex 66.1 127.906 9.03147
    endloop
  endfacet
  facet normal -1 0 0
    outer loop
      vertex 66.1 127.733 9.12388
      vertex 66.1 130.85 14.19
      vertex 66.1 127.821 9.08192
    endloop
  endfacet
  facet normal -1 0 0
    outer loop
      vertex 66.1 127.64 9.15694
      vertex 66.1 130.85 14.19
      vertex 66.1 127.733 9.12388
    endloop
  endfacet
  facet normal -1 0 0
    outer loop
      vertex 66.1 127.545 9.18079
      vertex 66.1 130.85 14.19
      vertex 66.1 127.64 9.15694
    endloop
  endfacet
  facet normal -1 0 0
    outer loop
      vertex 66.1 127.448 9.19518
      vertex 66.1 130.85 14.19
      vertex 66.1 127.545 9.18079
    endloop
  endfacet
  facet normal -1 0 0
    outer loop
      vertex 66.1 127.35 9.2
      vertex 66.1 130.85 14.19
      vertex 66.1 127.448 9.19518
    endloop
  endfacet
  facet normal -1 0 0
    outer loop
      vertex 66.1 123.85 14.19
      vertex 66.1 127.35 9.2
      vertex 66.1 127.252 9.19518
    endloop
  endfacet
  facet normal -1 0 0
    outer loop
      vertex 66.1 123.85 14.19
      vertex 66.1 127.252 9.19518
      vertex 66.1 127.155 9.18079
    endloop
  endfacet
  facet normal -1 0 0
    outer loop
      vertex 66.1 124.35 10.04
      vertex 66.1 127.155 9.18079
      vertex 66.1 127.06 9.15694
    endloop
  endfacet
  facet normal -1 0 0
    outer loop
      vertex 66.1 124.35 10.04
      vertex 66.1 127.06 9.15694
      vertex 66.1 126.967 9.12388
    endloop
  endfacet
  facet normal -1 0 0
    outer loop
      vertex 66.1 124.35 10.04
      vertex 66.1 126.967 9.12388
      vertex 66.1 126.879 9.08192
    endloop
  endfacet
  facet normal -1 0 0
    outer loop
      vertex 66.1 124.35 10.04
      vertex 66.1 126.879 9.08192
      vertex 66.1 126.794 9.03147
    endloop
  endfacet
  facet normal -1 0 0
    outer loop
      vertex 66.1 124.35 10.04
      vertex 66.1 126.794 9.03147
      vertex 66.1 126.716 8.97301
    endloop
  endfacet
  facet normal -1 0 0
    outer loop
      vertex 66.1 124.35 10.04
      vertex 66.1 126.716 8.97301
      vertex 66.1 126.643 8.90711
    endloop
  endfacet
  facet normal -1 0 0
    outer loop
      vertex 66.1 124.35 10.04
      vertex 66.1 126.643 8.90711
      vertex 66.1 126.577 8.83439
    endloop
  endfacet
  facet normal -1 0 0
    outer loop
      vertex 66.1 126.355 8.10198
      vertex 66.1 124.35 10.04
      vertex 66.1 126.35 8.2
    endloop
  endfacet
  facet normal -1 0 0
    outer loop
      vertex 66.1 126.35 8.2
      vertex 66.1 124.35 10.04
      vertex 66.1 126.355 8.29802
    endloop
  endfacet
  facet normal -1 0 0
    outer loop
      vertex 66.1 126.355 8.29802
      vertex 66.1 124.35 10.04
      vertex 66.1 126.369 8.39509
    endloop
  endfacet
  facet normal -1 0 0
    outer loop
      vertex 66.1 126.369 8.39509
      vertex 66.1 124.35 10.04
      vertex 66.1 126.393 8.49028
    endloop
  endfacet
  facet normal -1 0 0
    outer loop
      vertex 66.1 124.35 10.04
      vertex 66.1 126.426 8.58268
      vertex 66.1 126.393 8.49028
    endloop
  endfacet
  facet normal -1 0 0
    outer loop
      vertex 66.1 124.35 10.04
      vertex 66.1 126.468 8.6714
      vertex 66.1 126.426 8.58268
    endloop
  endfacet
  facet normal -1 0 0
    outer loop
      vertex 66.1 124.35 10.04
      vertex 66.1 126.519 8.75557
      vertex 66.1 126.468 8.6714
    endloop
  endfacet
  facet normal -1 0 0
    outer loop
      vertex 66.1 124.35 10.04
      vertex 66.1 126.577 8.83439
      vertex 66.1 126.519 8.75557
    endloop
  endfacet
  facet normal -1 0 0
    outer loop
      vertex 66.1 127.155 9.18079
      vertex 66.1 124.35 10.04
      vertex 66.1 123.85 14.19
    endloop
  endfacet
  facet normal -1 0 0
    outer loop
      vertex 66.1 123.85 14.19
      vertex 66.1 124.35 10.04
      vertex 66.1 123.85 10.04
    endloop
  endfacet
  facet normal -1 0 0
    outer loop
      vertex 66.1 127.35 9.2
      vertex 66.1 123.85 14.19
      vertex 66.1 130.85 14.19
    endloop
  endfacet
  facet normal 0 1 -0
    outer loop
      vertex 72.1 130.85 2.2
      vertex 66.1 130.85 14.19
      vertex 72.1 130.85 14.19
    endloop
  endfacet
  facet normal 0 1 0
    outer loop
      vertex 66.1 130.85 14.19
      vertex 72.1 130.85 2.2
      vertex 66.1 130.85 2.2
    endloop
  endfacet
  facet normal 0 -1 0
    outer loop
      vertex 66.1 123.85 10.04
      vertex 72.1 123.85 14.19
      vertex 66.1 123.85 14.19
    endloop
  endfacet
  facet normal 0 -1 -0
    outer loop
      vertex 72.1 123.85 14.19
      vertex 66.1 123.85 10.04
      vertex 72.1 123.85 10.04
    endloop
  endfacet
  facet normal 1 -0 0
    outer loop
      vertex 2.5 21.75 10.04
      vertex 2.5 35.75 2.2
      vertex 2.5 35.75 10.04
    endloop
  endfacet
  facet normal 1 0 0
    outer loop
      vertex 2.5 35.75 2.2
      vertex 2.5 21.75 10.04
      vertex 2.5 21.75 2.2
    endloop
  endfacet
  facet normal 0 0 1
    outer loop
      vertex 2.5 35.75 10.04
      vertex 1.5 35.75 10.04
      vertex 2.5 21.75 10.04
    endloop
  endfacet
  facet normal -0 0 1
    outer loop
      vertex 2.5 21.75 10.04
      vertex 16.5 20.75 10.04
      vertex 16.5 21.75 10.04
    endloop
  endfacet
  facet normal 0 0 1
    outer loop
      vertex 2.5 21.75 10.04
      vertex 1.5 20.75 10.04
      vertex 16.5 20.75 10.04
    endloop
  endfacet
  facet normal 0 0 1
    outer loop
      vertex 1.5 20.75 10.04
      vertex 2.5 21.75 10.04
      vertex 1.5 35.75 10.04
    endloop
  endfacet
  facet normal -1 0 0
    outer loop
      vertex 1.5 20.75 2.2
      vertex 1.5 35.75 10.04
      vertex 1.5 35.75 2.2
    endloop
  endfacet
  facet normal -1 -0 0
    outer loop
      vertex 1.5 35.75 10.04
      vertex 1.5 20.75 2.2
      vertex 1.5 20.75 10.04
    endloop
  endfacet
  facet normal 0 1 -0
    outer loop
      vertex 2.5 35.75 2.2
      vertex 1.5 35.75 10.04
      vertex 2.5 35.75 10.04
    endloop
  endfacet
  facet normal 0 1 0
    outer loop
      vertex 1.5 35.75 10.04
      vertex 2.5 35.75 2.2
      vertex 1.5 35.75 2.2
    endloop
  endfacet
  facet normal 0 -1 0
    outer loop
      vertex 1.5 20.75 2.2
      vertex 16.5 20.75 10.04
      vertex 1.5 20.75 10.04
    endloop
  endfacet
  facet normal 0 -1 -0
    outer loop
      vertex 16.5 20.75 10.04
      vertex 1.5 20.75 2.2
      vertex 16.5 20.75 2.2
    endloop
  endfacet
  facet normal 1 -0 0
    outer loop
      vertex 16.5 20.75 10.04
      vertex 16.5 21.75 2.2
      vertex 16.5 21.75 10.04
    endloop
  endfacet
  facet normal 1 0 0
    outer loop
      vertex 16.5 21.75 2.2
      vertex 16.5 20.75 10.04
      vertex 16.5 20.75 2.2
    endloop
  endfacet
  facet normal 0 1 -0
    outer loop
      vertex 16.5 21.75 2.2
      vertex 2.5 21.75 10.04
      vertex 16.5 21.75 10.04
    endloop
  endfacet
  facet normal 0 1 0
    outer loop
      vertex 2.5 21.75 10.04
      vertex 16.5 21.75 2.2
      vertex 2.5 21.75 2.2
    endloop
  endfacet
  facet normal 1 -0 0
    outer loop
      vertex 2.5 109.35 10.04
      vertex 2.5 123.35 2.2
      vertex 2.5 123.35 10.04
    endloop
  endfacet
  facet normal 1 0 0
    outer loop
      vertex 2.5 123.35 2.2
      vertex 2.5 109.35 10.04
      vertex 2.5 109.35 2.2
    endloop
  endfacet
  facet normal 0 0 1
    outer loop
      vertex 7.5 123.85 10.04
      vertex 16.5 124.35 10.04
      vertex 7.5 124.35 10.04
    endloop
  endfacet
  facet normal 0 0 1
    outer loop
      vertex 16.5 124.35 10.04
      vertex 7.5 123.85 10.04
      vertex 16.5 123.35 10.04
    endloop
  endfacet
  facet normal 0 0 1
    outer loop
      vertex 7.5 123.85 10.04
      vertex 2.5 123.35 10.04
      vertex 16.5 123.35 10.04
    endloop
  endfacet
  facet normal -0 0 1
    outer loop
      vertex 1.5 123.85 10.04
      vertex 2.5 123.35 10.04
      vertex 7.5 123.85 10.04
    endloop
  endfacet
  facet normal 0 0 1
    outer loop
      vertex 1.5 109.35 10.04
      vertex 2.5 123.35 10.04
      vertex 1.5 123.85 10.04
    endloop
  endfacet
  facet normal 0 0 1
    outer loop
      vertex 2.5 123.35 10.04
      vertex 1.5 109.35 10.04
      vertex 2.5 109.35 10.04
    endloop
  endfacet
  facet normal 0 1 -0
    outer loop
      vertex 16.5 124.35 2.2
      vertex 7.5 124.35 10.04
      vertex 16.5 124.35 10.04
    endloop
  endfacet
  facet normal 0 1 0
    outer loop
      vertex 7.5 124.35 10.04
      vertex 16.5 124.35 2.2
      vertex 7.5 124.35 2.2
    endloop
  endfacet
  facet normal 0 -1 0
    outer loop
      vertex 1.5 109.35 2.2
      vertex 2.5 109.35 10.04
      vertex 1.5 109.35 10.04
    endloop
  endfacet
  facet normal 0 -1 -0
    outer loop
      vertex 2.5 109.35 10.04
      vertex 1.5 109.35 2.2
      vertex 2.5 109.35 2.2
    endloop
  endfacet
  facet normal 1 -0 0
    outer loop
      vertex 16.5 123.35 10.04
      vertex 16.5 124.35 2.2
      vertex 16.5 124.35 10.04
    endloop
  endfacet
  facet normal 1 0 0
    outer loop
      vertex 16.5 124.35 2.2
      vertex 16.5 123.35 10.04
      vertex 16.5 123.35 2.2
    endloop
  endfacet
  facet normal 0 -1 0
    outer loop
      vertex 2.5 123.35 2.2
      vertex 16.5 123.35 10.04
      vertex 2.5 123.35 10.04
    endloop
  endfacet
  facet normal 0 -1 -0
    outer loop
      vertex 16.5 123.35 10.04
      vertex 2.5 123.35 2.2
      vertex 16.5 123.35 2.2
    endloop
  endfacet
  facet normal 1 -0 0
    outer loop
      vertex 72.1 20.75 10.04
      vertex 72.1 35.75 2.2
      vertex 72.1 35.75 10.04
    endloop
  endfacet
  facet normal 1 0 0
    outer loop
      vertex 72.1 35.75 2.2
      vertex 72.1 20.75 10.04
      vertex 72.1 20.75 2.2
    endloop
  endfacet
  facet normal 0 0 1
    outer loop
      vertex 71.1 21.75 10.04
      vertex 72.1 35.75 10.04
      vertex 71.1 35.75 10.04
    endloop
  endfacet
  facet normal 0 0 1
    outer loop
      vertex 72.1 35.75 10.04
      vertex 71.1 21.75 10.04
      vertex 72.1 20.75 10.04
    endloop
  endfacet
  facet normal 0 0 1
    outer loop
      vertex 57.1 20.75 10.04
      vertex 71.1 21.75 10.04
      vertex 57.1 21.75 10.04
    endloop
  endfacet
  facet normal 0 0 1
    outer loop
      vertex 71.1 21.75 10.04
      vertex 57.1 20.75 10.04
      vertex 72.1 20.75 10.04
    endloop
  endfacet
  facet normal -1 0 0
    outer loop
      vertex 71.1 21.75 2.2
      vertex 71.1 35.75 10.04
      vertex 71.1 35.75 2.2
    endloop
  endfacet
  facet normal -1 -0 0
    outer loop
      vertex 71.1 35.75 10.04
      vertex 71.1 21.75 2.2
      vertex 71.1 21.75 10.04
    endloop
  endfacet
  facet normal 0 1 -0
    outer loop
      vertex 72.1 35.75 2.2
      vertex 71.1 35.75 10.04
      vertex 72.1 35.75 10.04
    endloop
  endfacet
  facet normal 0 1 0
    outer loop
      vertex 71.1 35.75 10.04
      vertex 72.1 35.75 2.2
      vertex 71.1 35.75 2.2
    endloop
  endfacet
  facet normal 0 -1 0
    outer loop
      vertex 57.1 20.75 2.2
      vertex 72.1 20.75 10.04
      vertex 57.1 20.75 10.04
    endloop
  endfacet
  facet normal 0 -1 -0
    outer loop
      vertex 72.1 20.75 10.04
      vertex 57.1 20.75 2.2
      vertex 72.1 20.75 2.2
    endloop
  endfacet
  facet normal -1 0 0
    outer loop
      vertex 57.1 20.75 2.2
      vertex 57.1 21.75 10.04
      vertex 57.1 21.75 2.2
    endloop
  endfacet
  facet normal -1 -0 0
    outer loop
      vertex 57.1 21.75 10.04
      vertex 57.1 20.75 2.2
      vertex 57.1 20.75 10.04
    endloop
  endfacet
  facet normal 0 1 -0
    outer loop
      vertex 71.1 21.75 2.2
      vertex 57.1 21.75 10.04
      vertex 71.1 21.75 10.04
    endloop
  endfacet
  facet normal 0 1 0
    outer loop
      vertex 57.1 21.75 10.04
      vertex 71.1 21.75 2.2
      vertex 57.1 21.75 2.2
    endloop
  endfacet
  facet normal 0 0 1
    outer loop
      vertex 66.1 124.35 10.04
      vertex 57.1 124.35 10.04
      vertex 66.1 123.85 10.04
    endloop
  endfacet
  facet normal 0 0 1
    outer loop
      vertex 72.1 123.85 10.04
      vertex 71.1 123.35 10.04
      vertex 72.1 109.35 10.04
    endloop
  endfacet
  facet normal -0 0 1
    outer loop
      vertex 66.1 123.85 10.04
      vertex 71.1 123.35 10.04
      vertex 72.1 123.85 10.04
    endloop
  endfacet
  facet normal 0 0 1
    outer loop
      vertex 57.1 123.35 10.04
      vertex 66.1 123.85 10.04
      vertex 57.1 124.35 10.04
    endloop
  endfacet
  facet normal 0 0 1
    outer loop
      vertex 66.1 123.85 10.04
      vertex 57.1 123.35 10.04
      vertex 71.1 123.35 10.04
    endloop
  endfacet
  facet normal 0 0 1
    outer loop
      vertex 72.1 109.35 10.04
      vertex 71.1 123.35 10.04
      vertex 71.1 109.35 10.04
    endloop
  endfacet
  facet normal -1 0 0
    outer loop
      vertex 71.1 109.35 2.2
      vertex 71.1 123.35 10.04
      vertex 71.1 123.35 2.2
    endloop
  endfacet
  facet normal -1 -0 0
    outer loop
      vertex 71.1 123.35 10.04
      vertex 71.1 109.35 2.2
      vertex 71.1 109.35 10.04
    endloop
  endfacet
  facet normal 0 1 -0
    outer loop
      vertex 66.1 124.35 2.2
      vertex 57.1 124.35 10.04
      vertex 66.1 124.35 10.04
    endloop
  endfacet
  facet normal 0 1 0
    outer loop
      vertex 57.1 124.35 10.04
      vertex 66.1 124.35 2.2
      vertex 57.1 124.35 2.2
    endloop
  endfacet
  facet normal 0 -1 0
    outer loop
      vertex 71.1 109.35 2.2
      vertex 72.1 109.35 10.04
      vertex 71.1 109.35 10.04
    endloop
  endfacet
  facet normal 0 -1 -0
    outer loop
      vertex 72.1 109.35 10.04
      vertex 71.1 109.35 2.2
      vertex 72.1 109.35 2.2
    endloop
  endfacet
  facet normal -1 0 0
    outer loop
      vertex 57.1 123.35 2.2
      vertex 57.1 124.35 10.04
      vertex 57.1 124.35 2.2
    endloop
  endfacet
  facet normal -1 -0 0
    outer loop
      vertex 57.1 124.35 10.04
      vertex 57.1 123.35 2.2
      vertex 57.1 123.35 10.04
    endloop
  endfacet
  facet normal 0 -1 0
    outer loop
      vertex 57.1 123.35 2.2
      vertex 71.1 123.35 10.04
      vertex 57.1 123.35 10.04
    endloop
  endfacet
  facet normal 0 -1 -0
    outer loop
      vertex 71.1 123.35 10.04
      vertex 57.1 123.35 2.2
      vertex 71.1 123.35 2.2
    endloop
  endfacet
  facet normal -0.970031 -0.24298 0
    outer loop
      vertex 0.129178 2.12915 0
      vertex 0.0576439 2.41473 2.2
      vertex 0.0576439 2.41473 0
    endloop
  endfacet
  facet normal -0.970031 -0.24298 0
    outer loop
      vertex 0.0576439 2.41473 2.2
      vertex 0.129178 2.12915 0
      vertex 0.129178 2.12915 2.2
    endloop
  endfacet
  facet normal -0.740952 -0.671558 0
    outer loop
      vertex 0.878679 0.878679 0
      vertex 0.680968 1.09682 2.2
      vertex 0.680968 1.09682 0
    endloop
  endfacet
  facet normal -0.740952 -0.671558 0
    outer loop
      vertex 0.680968 1.09682 2.2
      vertex 0.878679 0.878679 0
      vertex 0.878679 0.878679 2.2
    endloop
  endfacet
  facet normal 0.858091 0.513498 0
    outer loop
      vertex 73.2458 131.014 2.2
      vertex 73.0944 131.267 0
      vertex 73.0944 131.267 2.2
    endloop
  endfacet
  facet normal 0.858091 0.513498 0
    outer loop
      vertex 73.0944 131.267 0
      vertex 73.2458 131.014 2.2
      vertex 73.2458 131.014 0
    endloop
  endfacet
  facet normal 0.0490578 -0.998796 0
    outer loop
      vertex 70.6 0 0
      vertex 70.8941 0.0144453 2.2
      vertex 70.6 0 2.2
    endloop
  endfacet
  facet normal 0.0490578 -0.998796 0
    outer loop
      vertex 70.8941 0.0144453 2.2
      vertex 70.6 0 0
      vertex 70.8941 0.0144453 0
    endloop
  endfacet
  facet normal 0.336444 0.941703 -0
    outer loop
      vertex 71.748 132.372 0
      vertex 71.4709 132.471 2.2
      vertex 71.748 132.372 2.2
    endloop
  endfacet
  facet normal 0.336444 0.941703 0
    outer loop
      vertex 71.4709 132.471 2.2
      vertex 71.748 132.372 0
      vertex 71.4709 132.471 0
    endloop
  endfacet
  facet normal -0.998796 -0.0490661 0
    outer loop
      vertex 0.0144453 2.70595 0
      vertex 0 3 2.2
      vertex 0 3 0
    endloop
  endfacet
  facet normal -0.998796 -0.0490661 0
    outer loop
      vertex 0 3 2.2
      vertex 0.0144453 2.70595 0
      vertex 0.0144453 2.70595 2.2
    endloop
  endfacet
  facet normal 0.969978 -0.243191 0
    outer loop
      vertex 73.4708 2.12915 2.2
      vertex 73.5424 2.41473 0
      vertex 73.5424 2.41473 2.2
    endloop
  endfacet
  facet normal 0.969978 -0.243191 0
    outer loop
      vertex 73.5424 2.41473 0
      vertex 73.4708 2.12915 2.2
      vertex 73.4708 2.12915 0
    endloop
  endfacet
  facet normal 0 1 -0
    outer loop
      vertex 70.6 132.6 0
      vertex 3 132.6 2.2
      vertex 70.6 132.6 2.2
    endloop
  endfacet
  facet normal 0 1 0
    outer loop
      vertex 3 132.6 2.2
      vertex 70.6 132.6 0
      vertex 3 132.6 0
    endloop
  endfacet
  facet normal -0.941468 0.337103 0
    outer loop
      vertex 0.129178 130.471 0
      vertex 0.228361 130.748 2.2
      vertex 0.228361 130.748 0
    endloop
  endfacet
  facet normal -0.941468 0.337103 0
    outer loop
      vertex 0.228361 130.748 2.2
      vertex 0.129178 130.471 0
      vertex 0.129178 130.471 2.2
    endloop
  endfacet
  facet normal -0.98916 0.14684 0
    outer loop
      vertex 0.0144453 129.894 0
      vertex 0.0576439 130.185 2.2
      vertex 0.0576439 130.185 0
    endloop
  endfacet
  facet normal -0.98916 0.14684 0
    outer loop
      vertex 0.0576439 130.185 2.2
      vertex 0.0144453 129.894 0
      vertex 0.0144453 129.894 2.2
    endloop
  endfacet
  facet normal 0.59565 -0.803244 0
    outer loop
      vertex 72.2667 0.50559 0
      vertex 72.5032 0.680968 2.2
      vertex 72.2667 0.50559 2.2
    endloop
  endfacet
  facet normal 0.59565 -0.803244 0
    outer loop
      vertex 72.5032 0.680968 2.2
      vertex 72.2667 0.50559 0
      vertex 72.5032 0.680968 0
    endloop
  endfacet
  facet normal -1 0 0
    outer loop
      vertex 0 3 0
      vertex 0 129.6 2.2
      vertex 0 129.6 0
    endloop
  endfacet
  facet normal -1 -0 0
    outer loop
      vertex 0 129.6 2.2
      vertex 0 3 0
      vertex 0 3 2.2
    endloop
  endfacet
  facet normal 0.594821 0.803858 -0
    outer loop
      vertex 72.5032 131.919 0
      vertex 72.2667 132.094 2.2
      vertex 72.5032 131.919 2.2
    endloop
  endfacet
  facet normal 0.594821 0.803858 0
    outer loop
      vertex 72.2667 132.094 2.2
      vertex 72.5032 131.919 0
      vertex 72.2667 132.094 0
    endloop
  endfacet
  facet normal 0.427824 0.903862 -0
    outer loop
      vertex 72.0142 132.246 0
      vertex 71.748 132.372 2.2
      vertex 72.0142 132.246 2.2
    endloop
  endfacet
  facet normal 0.427824 0.903862 0
    outer loop
      vertex 71.748 132.372 2.2
      vertex 72.0142 132.246 0
      vertex 71.748 132.372 0
    endloop
  endfacet
  facet normal -0.989176 -0.146731 0
    outer loop
      vertex 0.0576439 2.41473 0
      vertex 0.0144453 2.70595 2.2
      vertex 0.0144453 2.70595 0
    endloop
  endfacet
  facet normal -0.989176 -0.146731 0
    outer loop
      vertex 0.0144453 2.70595 2.2
      vertex 0.0576439 2.41473 0
      vertex 0.0576439 2.41473 2.2
    endloop
  endfacet
  facet normal -0.595699 -0.803208 0
    outer loop
      vertex 1.09682 0.680968 0
      vertex 1.33329 0.50559 2.2
      vertex 1.09682 0.680968 2.2
    endloop
  endfacet
  facet normal -0.595699 -0.803208 -0
    outer loop
      vertex 1.33329 0.50559 2.2
      vertex 1.09682 0.680968 0
      vertex 1.33329 0.50559 0
    endloop
  endfacet
  facet normal -0.59487 0.803822 0
    outer loop
      vertex 1.33329 132.094 0
      vertex 1.09682 131.919 2.2
      vertex 1.33329 132.094 2.2
    endloop
  endfacet
  facet normal -0.59487 0.803822 0
    outer loop
      vertex 1.09682 131.919 2.2
      vertex 1.33329 132.094 0
      vertex 1.09682 131.919 0
    endloop
  endfacet
  facet normal -0.903902 0.427739 0
    outer loop
      vertex 0.228361 130.748 0
      vertex 0.354236 131.014 2.2
      vertex 0.354236 131.014 0
    endloop
  endfacet
  facet normal -0.903902 0.427739 0
    outer loop
      vertex 0.354236 131.014 2.2
      vertex 0.228361 130.748 0
      vertex 0.228361 130.748 2.2
    endloop
  endfacet
  facet normal 0.671627 -0.740889 0
    outer loop
      vertex 72.5032 0.680968 0
      vertex 72.7213 0.878679 2.2
      vertex 72.5032 0.680968 2.2
    endloop
  endfacet
  facet normal 0.671627 -0.740889 0
    outer loop
      vertex 72.7213 0.878679 2.2
      vertex 72.5032 0.680968 0
      vertex 72.7213 0.878679 0
    endloop
  endfacet
  facet normal 0.242964 -0.970035 0
    outer loop
      vertex 71.1853 0.0576439 0
      vertex 71.4709 0.129178 2.2
      vertex 71.1853 0.0576439 2.2
    endloop
  endfacet
  facet normal 0.242964 -0.970035 0
    outer loop
      vertex 71.4709 0.129178 2.2
      vertex 71.1853 0.0576439 0
      vertex 71.4709 0.129178 0
    endloop
  endfacet
  facet normal -0.241272 0.970458 0
    outer loop
      vertex 2.41473 132.542 0
      vertex 2.12915 132.471 2.2
      vertex 2.41473 132.542 2.2
    endloop
  endfacet
  facet normal -0.241272 0.970458 0
    outer loop
      vertex 2.12915 132.471 2.2
      vertex 2.41473 132.542 0
      vertex 2.12915 132.471 0
    endloop
  endfacet
  facet normal 0.941449 0.337154 0
    outer loop
      vertex 73.4708 130.471 2.2
      vertex 73.3716 130.748 0
      vertex 73.3716 130.748 2.2
    endloop
  endfacet
  facet normal 0.941449 0.337154 0
    outer loop
      vertex 73.3716 130.748 0
      vertex 73.4708 130.471 2.2
      vertex 73.4708 130.471 0
    endloop
  endfacet
  facet normal 1 -0 0
    outer loop
      vertex 73.6 3 2.2
      vertex 73.6 129.6 0
      vertex 73.6 129.6 2.2
    endloop
  endfacet
  facet normal 1 0 0
    outer loop
      vertex 73.6 129.6 0
      vertex 73.6 3 2.2
      vertex 73.6 3 0
    endloop
  endfacet
  facet normal -0.970115 0.242644 0
    outer loop
      vertex 0.0576439 130.185 0
      vertex 0.129178 130.471 2.2
      vertex 0.129178 130.471 0
    endloop
  endfacet
  facet normal -0.970115 0.242644 0
    outer loop
      vertex 0.129178 130.471 2.2
      vertex 0.0576439 130.185 0
      vertex 0.0576439 130.185 2.2
    endloop
  endfacet
  facet normal 0.98916 0.146844 0
    outer loop
      vertex 73.5856 129.894 2.2
      vertex 73.5424 130.185 0
      vertex 73.5424 130.185 2.2
    endloop
  endfacet
  facet normal 0.98916 0.146844 0
    outer loop
      vertex 73.5424 130.185 0
      vertex 73.5856 129.894 2.2
      vertex 73.5856 129.894 0
    endloop
  endfacet
  facet normal -0.998795 0.0490745 0
    outer loop
      vertex 0 129.6 0
      vertex 0.0144453 129.894 2.2
      vertex 0.0144453 129.894 0
    endloop
  endfacet
  facet normal -0.998795 0.0490745 0
    outer loop
      vertex 0.0144453 129.894 2.2
      vertex 0 129.6 0
      vertex 0 129.6 2.2
    endloop
  endfacet
  facet normal -0.80264 0.596464 0
    outer loop
      vertex 0.50559 131.267 0
      vertex 0.680968 131.503 2.2
      vertex 0.680968 131.503 0
    endloop
  endfacet
  facet normal -0.80264 0.596464 0
    outer loop
      vertex 0.680968 131.503 2.2
      vertex 0.50559 131.267 0
      vertex 0.50559 131.267 2.2
    endloop
  endfacet
  facet normal 0.989176 -0.146736 0
    outer loop
      vertex 73.5424 2.41473 2.2
      vertex 73.5856 2.70595 0
      vertex 73.5856 2.70595 2.2
    endloop
  endfacet
  facet normal 0.989176 -0.146736 0
    outer loop
      vertex 73.5856 2.70595 0
      vertex 73.5424 2.41473 2.2
      vertex 73.5424 2.41473 0
    endloop
  endfacet
  facet normal -0.24298 -0.970031 0
    outer loop
      vertex 2.12915 0.129178 0
      vertex 2.41473 0.0576439 2.2
      vertex 2.12915 0.129178 2.2
    endloop
  endfacet
  facet normal -0.24298 -0.970031 -0
    outer loop
      vertex 2.41473 0.0576439 2.2
      vertex 2.12915 0.129178 0
      vertex 2.41473 0.0576439 0
    endloop
  endfacet
  facet normal 0.970063 0.242855 0
    outer loop
      vertex 73.5424 130.185 2.2
      vertex 73.4708 130.471 0
      vertex 73.4708 130.471 2.2
    endloop
  endfacet
  facet normal 0.970063 0.242855 0
    outer loop
      vertex 73.4708 130.471 0
      vertex 73.5424 130.185 2.2
      vertex 73.5424 130.185 0
    endloop
  endfacet
  facet normal 0.904088 -0.427347 0
    outer loop
      vertex 73.2458 1.58581 2.2
      vertex 73.3716 1.85195 0
      vertex 73.3716 1.85195 2.2
    endloop
  endfacet
  facet normal 0.904088 -0.427347 0
    outer loop
      vertex 73.3716 1.85195 0
      vertex 73.2458 1.58581 2.2
      vertex 73.2458 1.58581 0
    endloop
  endfacet
  facet normal -0.803208 -0.595699 0
    outer loop
      vertex 0.680968 1.09682 0
      vertex 0.50559 1.33329 2.2
      vertex 0.50559 1.33329 0
    endloop
  endfacet
  facet normal -0.803208 -0.595699 0
    outer loop
      vertex 0.50559 1.33329 2.2
      vertex 0.680968 1.09682 0
      vertex 0.680968 1.09682 2.2
    endloop
  endfacet
  facet normal 0.514131 -0.857712 0
    outer loop
      vertex 72.0142 0.354236 0
      vertex 72.2667 0.50559 2.2
      vertex 72.0142 0.354236 2.2
    endloop
  endfacet
  facet normal 0.514131 -0.857712 0
    outer loop
      vertex 72.2667 0.50559 2.2
      vertex 72.0142 0.354236 0
      vertex 72.2667 0.50559 0
    endloop
  endfacet
  facet normal 0.427477 -0.904026 0
    outer loop
      vertex 71.748 0.228361 0
      vertex 72.0142 0.354236 2.2
      vertex 71.748 0.228361 2.2
    endloop
  endfacet
  facet normal 0.427477 -0.904026 0
    outer loop
      vertex 72.0142 0.354236 2.2
      vertex 71.748 0.228361 0
      vertex 72.0142 0.354236 0
    endloop
  endfacet
  facet normal -0.336336 0.941742 0
    outer loop
      vertex 2.12915 132.471 0
      vertex 1.85195 132.372 2.2
      vertex 2.12915 132.471 2.2
    endloop
  endfacet
  facet normal -0.336336 0.941742 0
    outer loop
      vertex 1.85195 132.372 2.2
      vertex 2.12915 132.471 0
      vertex 1.85195 132.372 0
    endloop
  endfacet
  facet normal -0.515713 0.856762 0
    outer loop
      vertex 1.58581 132.246 0
      vertex 1.33329 132.094 2.2
      vertex 1.58581 132.246 2.2
    endloop
  endfacet
  facet normal -0.515713 0.856762 0
    outer loop
      vertex 1.33329 132.094 2.2
      vertex 1.58581 132.246 0
      vertex 1.33329 132.094 0
    endloop
  endfacet
  facet normal 0.672166 0.740401 -0
    outer loop
      vertex 72.7213 131.721 0
      vertex 72.5032 131.919 2.2
      vertex 72.7213 131.721 2.2
    endloop
  endfacet
  facet normal 0.672166 0.740401 0
    outer loop
      vertex 72.5032 131.919 2.2
      vertex 72.7213 131.721 0
      vertex 72.5032 131.919 0
    endloop
  endfacet
  facet normal 0.998803 -0.0489126 0
    outer loop
      vertex 73.5856 2.70595 2.2
      vertex 73.6 3 0
      vertex 73.6 3 2.2
    endloop
  endfacet
  facet normal 0.998803 -0.0489126 0
    outer loop
      vertex 73.6 3 0
      vertex 73.5856 2.70595 2.2
      vertex 73.5856 2.70595 0
    endloop
  endfacet
  facet normal 0.998803 0.0489209 0
    outer loop
      vertex 73.6 129.6 2.2
      vertex 73.5856 129.894 0
      vertex 73.5856 129.894 2.2
    endloop
  endfacet
  facet normal 0.998803 0.0489209 0
    outer loop
      vertex 73.5856 129.894 0
      vertex 73.6 129.6 2.2
      vertex 73.6 129.6 0
    endloop
  endfacet
  facet normal -0.146731 -0.989176 0
    outer loop
      vertex 2.41473 0.0576439 0
      vertex 2.70595 0.0144453 2.2
      vertex 2.41473 0.0576439 2.2
    endloop
  endfacet
  facet normal -0.146731 -0.989176 -0
    outer loop
      vertex 2.70595 0.0144453 2.2
      vertex 2.41473 0.0576439 0
      vertex 2.70595 0.0144453 0
    endloop
  endfacet
  facet normal 0.857661 -0.514216 0
    outer loop
      vertex 73.0944 1.33329 2.2
      vertex 73.2458 1.58581 0
      vertex 73.2458 1.58581 2.2
    endloop
  endfacet
  facet normal 0.857661 -0.514216 0
    outer loop
      vertex 73.2458 1.58581 0
      vertex 73.0944 1.33329 2.2
      vertex 73.0944 1.33329 0
    endloop
  endfacet
  facet normal -0.427902 0.903825 0
    outer loop
      vertex 1.85195 132.372 0
      vertex 1.58581 132.246 2.2
      vertex 1.85195 132.372 2.2
    endloop
  endfacet
  facet normal -0.427902 0.903825 0
    outer loop
      vertex 1.58581 132.246 2.2
      vertex 1.85195 132.372 0
      vertex 1.58581 132.246 0
    endloop
  endfacet
  facet normal -0.85816 0.513383 0
    outer loop
      vertex 0.354236 131.014 0
      vertex 0.50559 131.267 2.2
      vertex 0.50559 131.267 0
    endloop
  endfacet
  facet normal -0.85816 0.513383 0
    outer loop
      vertex 0.50559 131.267 2.2
      vertex 0.354236 131.014 0
      vertex 0.354236 131.014 2.2
    endloop
  endfacet
  facet normal -0.672096 0.740464 0
    outer loop
      vertex 1.09682 131.919 0
      vertex 0.878679 131.721 2.2
      vertex 1.09682 131.919 2.2
    endloop
  endfacet
  facet normal -0.672096 0.740464 0
    outer loop
      vertex 0.878679 131.721 2.2
      vertex 1.09682 131.919 0
      vertex 0.878679 131.721 0
    endloop
  endfacet
  facet normal 0 -1 0
    outer loop
      vertex 3 0 0
      vertex 70.6 0 2.2
      vertex 3 0 2.2
    endloop
  endfacet
  facet normal 0 -1 -0
    outer loop
      vertex 70.6 0 2.2
      vertex 3 0 0
      vertex 70.6 0 0
    endloop
  endfacet
  facet normal 0.904001 0.427531 0
    outer loop
      vertex 73.3716 130.748 2.2
      vertex 73.2458 131.014 0
      vertex 73.2458 131.014 2.2
    endloop
  endfacet
  facet normal 0.904001 0.427531 0
    outer loop
      vertex 73.2458 131.014 0
      vertex 73.3716 130.748 2.2
      vertex 73.3716 130.748 0
    endloop
  endfacet
  facet normal 0.740754 0.671776 0
    outer loop
      vertex 72.919 131.503 2.2
      vertex 72.7213 131.721 0
      vertex 72.7213 131.721 2.2
    endloop
  endfacet
  facet normal 0.740754 0.671776 0
    outer loop
      vertex 72.7213 131.721 0
      vertex 72.919 131.503 2.2
      vertex 72.919 131.503 0
    endloop
  endfacet
  facet normal 0.241256 0.970461 -0
    outer loop
      vertex 71.4709 132.471 0
      vertex 71.1853 132.542 2.2
      vertex 71.4709 132.471 2.2
    endloop
  endfacet
  facet normal 0.241256 0.970461 0
    outer loop
      vertex 71.1853 132.542 2.2
      vertex 71.4709 132.471 0
      vertex 71.1853 132.542 0
    endloop
  endfacet
  facet normal 0.149403 0.988776 -0
    outer loop
      vertex 71.1853 132.542 0
      vertex 70.8941 132.586 2.2
      vertex 71.1853 132.542 2.2
    endloop
  endfacet
  facet normal 0.149403 0.988776 0
    outer loop
      vertex 70.8941 132.586 2.2
      vertex 71.1853 132.542 0
      vertex 70.8941 132.586 0
    endloop
  endfacet
  facet normal 0.941527 -0.336939 0
    outer loop
      vertex 73.3716 1.85195 2.2
      vertex 73.4708 2.12915 0
      vertex 73.4708 2.12915 2.2
    endloop
  endfacet
  facet normal 0.941527 -0.336939 0
    outer loop
      vertex 73.4708 2.12915 0
      vertex 73.3716 1.85195 2.2
      vertex 73.3716 1.85195 0
    endloop
  endfacet
  facet normal 0.047549 0.998869 -0
    outer loop
      vertex 70.8941 132.586 0
      vertex 70.6 132.6 2.2
      vertex 70.8941 132.586 2.2
    endloop
  endfacet
  facet normal 0.047549 0.998869 0
    outer loop
      vertex 70.6 132.6 2.2
      vertex 70.8941 132.586 0
      vertex 70.6 132.6 0
    endloop
  endfacet
  facet normal -0.149393 0.988778 0
    outer loop
      vertex 2.70595 132.586 0
      vertex 2.41473 132.542 2.2
      vertex 2.70595 132.586 2.2
    endloop
  endfacet
  facet normal -0.149393 0.988778 0
    outer loop
      vertex 2.41473 132.542 2.2
      vertex 2.70595 132.586 0
      vertex 2.41473 132.542 0
    endloop
  endfacet
  facet normal -0.336888 -0.941545 0
    outer loop
      vertex 1.85195 0.228361 0
      vertex 2.12915 0.129178 2.2
      vertex 1.85195 0.228361 2.2
    endloop
  endfacet
  facet normal -0.336888 -0.941545 -0
    outer loop
      vertex 2.12915 0.129178 2.2
      vertex 1.85195 0.228361 0
      vertex 2.12915 0.129178 0
    endloop
  endfacet
  facet normal 0.336995 -0.941506 0
    outer loop
      vertex 71.4709 0.129178 0
      vertex 71.748 0.228361 2.2
      vertex 71.4709 0.129178 2.2
    endloop
  endfacet
  facet normal 0.336995 -0.941506 0
    outer loop
      vertex 71.748 0.228361 2.2
      vertex 71.4709 0.129178 0
      vertex 71.748 0.228361 0
    endloop
  endfacet
  facet normal -0.0490661 -0.998796 0
    outer loop
      vertex 2.70595 0.0144453 0
      vertex 3 0 2.2
      vertex 2.70595 0.0144453 2.2
    endloop
  endfacet
  facet normal -0.0490661 -0.998796 -0
    outer loop
      vertex 3 0 2.2
      vertex 2.70595 0.0144453 0
      vertex 3 0 0
    endloop
  endfacet
  facet normal -0.427556 -0.903989 0
    outer loop
      vertex 1.58581 0.354236 0
      vertex 1.85195 0.228361 2.2
      vertex 1.58581 0.354236 2.2
    endloop
  endfacet
  facet normal -0.427556 -0.903989 -0
    outer loop
      vertex 1.85195 0.228361 2.2
      vertex 1.58581 0.354236 0
      vertex 1.85195 0.228361 0
    endloop
  endfacet
  facet normal 0.802604 0.596512 0
    outer loop
      vertex 73.0944 131.267 2.2
      vertex 72.919 131.503 0
      vertex 72.919 131.503 2.2
    endloop
  endfacet
  facet normal 0.802604 0.596512 0
    outer loop
      vertex 72.919 131.503 0
      vertex 73.0944 131.267 2.2
      vertex 73.0944 131.267 0
    endloop
  endfacet
  facet normal -0.740736 0.671796 0
    outer loop
      vertex 0.680968 131.503 0
      vertex 0.878679 131.721 2.2
      vertex 0.878679 131.721 0
    endloop
  endfacet
  facet normal -0.740736 0.671796 0
    outer loop
      vertex 0.878679 131.721 2.2
      vertex 0.680968 131.503 0
      vertex 0.680968 131.503 2.2
    endloop
  endfacet
  facet normal -0.941545 -0.336888 0
    outer loop
      vertex 0.228361 1.85195 0
      vertex 0.129178 2.12915 2.2
      vertex 0.129178 2.12915 0
    endloop
  endfacet
  facet normal -0.941545 -0.336888 0
    outer loop
      vertex 0.129178 2.12915 2.2
      vertex 0.228361 1.85195 0
      vertex 0.228361 1.85195 2.2
    endloop
  endfacet
  facet normal -0.0475571 0.998869 0
    outer loop
      vertex 3 132.6 0
      vertex 2.70595 132.586 2.2
      vertex 3 132.6 2.2
    endloop
  endfacet
  facet normal -0.0475571 0.998869 0
    outer loop
      vertex 2.70595 132.586 2.2
      vertex 3 132.6 0
      vertex 2.70595 132.586 0
    endloop
  endfacet
  facet normal -0.85773 -0.514101 0
    outer loop
      vertex 0.50559 1.33329 0
      vertex 0.354236 1.58581 2.2
      vertex 0.354236 1.58581 0
    endloop
  endfacet
  facet normal -0.85773 -0.514101 0
    outer loop
      vertex 0.354236 1.58581 2.2
      vertex 0.50559 1.33329 0
      vertex 0.50559 1.33329 2.2
    endloop
  endfacet
  facet normal -0.514101 -0.85773 0
    outer loop
      vertex 1.33329 0.50559 0
      vertex 1.58581 0.354236 2.2
      vertex 1.33329 0.50559 2.2
    endloop
  endfacet
  facet normal -0.514101 -0.85773 -0
    outer loop
      vertex 1.58581 0.354236 2.2
      vertex 1.33329 0.50559 0
      vertex 1.58581 0.354236 0
    endloop
  endfacet
  facet normal 0 0 -1
    outer loop
      vertex 70.6 0 0
      vertex 73.6 3 0
      vertex 73.5856 2.70595 0
    endloop
  endfacet
  facet normal 0 0 -1
    outer loop
      vertex 73.6 3 0
      vertex 64.5 30.75 0
      vertex 73.6 129.6 0
    endloop
  endfacet
  facet normal 0 0 -1
    outer loop
      vertex 70.6 0 0
      vertex 73.5856 2.70595 0
      vertex 73.5424 2.41473 0
    endloop
  endfacet
  facet normal 0 0 -1
    outer loop
      vertex 64.5 114.35 0
      vertex 73.6 129.6 0
      vertex 64.5 30.75 0
    endloop
  endfacet
  facet normal 0 0 -1
    outer loop
      vertex 70.6 0 0
      vertex 73.5424 2.41473 0
      vertex 73.4708 2.12915 0
    endloop
  endfacet
  facet normal 0 -0 -1
    outer loop
      vertex 70.6 132.6 0
      vertex 73.6 129.6 0
      vertex 64.5 114.35 0
    endloop
  endfacet
  facet normal 0 0 -1
    outer loop
      vertex 70.6 0 0
      vertex 73.4708 2.12915 0
      vertex 73.3716 1.85195 0
    endloop
  endfacet
  facet normal 0 0 -1
    outer loop
      vertex 73.6 129.6 0
      vertex 70.6 132.6 0
      vertex 73.5856 129.894 0
    endloop
  endfacet
  facet normal 0 0 -1
    outer loop
      vertex 70.6 0 0
      vertex 73.3716 1.85195 0
      vertex 73.2458 1.58581 0
    endloop
  endfacet
  facet normal 0 0 -1
    outer loop
      vertex 73.5856 129.894 0
      vertex 70.6 132.6 0
      vertex 73.5424 130.185 0
    endloop
  endfacet
  facet normal 0 0 -1
    outer loop
      vertex 70.6 0 0
      vertex 73.2458 1.58581 0
      vertex 73.0944 1.33329 0
    endloop
  endfacet
  facet normal 0 0 -1
    outer loop
      vertex 73.5424 130.185 0
      vertex 70.6 132.6 0
      vertex 73.4708 130.471 0
    endloop
  endfacet
  facet normal 0 0 -1
    outer loop
      vertex 70.6 0 0
      vertex 73.0944 1.33329 0
      vertex 72.919 1.09682 0
    endloop
  endfacet
  facet normal 0 0 -1
    outer loop
      vertex 73.4708 130.471 0
      vertex 70.6 132.6 0
      vertex 73.3716 130.748 0
    endloop
  endfacet
  facet normal 0 0 -1
    outer loop
      vertex 70.6 0 0
      vertex 72.919 1.09682 0
      vertex 72.7213 0.878679 0
    endloop
  endfacet
  facet normal 0 0 -1
    outer loop
      vertex 73.3716 130.748 0
      vertex 70.6 132.6 0
      vertex 73.2458 131.014 0
    endloop
  endfacet
  facet normal 0 0 -1
    outer loop
      vertex 70.6 0 0
      vertex 72.7213 0.878679 0
      vertex 72.5032 0.680968 0
    endloop
  endfacet
  facet normal 0 0 -1
    outer loop
      vertex 73.2458 131.014 0
      vertex 70.6 132.6 0
      vertex 73.0944 131.267 0
    endloop
  endfacet
  facet normal 0 0 -1
    outer loop
      vertex 70.6 0 0
      vertex 72.5032 0.680968 0
      vertex 72.2667 0.50559 0
    endloop
  endfacet
  facet normal 0 0 -1
    outer loop
      vertex 73.0944 131.267 0
      vertex 70.6 132.6 0
      vertex 72.919 131.503 0
    endloop
  endfacet
  facet normal 0 0 -1
    outer loop
      vertex 70.6 0 0
      vertex 72.2667 0.50559 0
      vertex 72.0142 0.354236 0
    endloop
  endfacet
  facet normal 0 0 -1
    outer loop
      vertex 72.919 131.503 0
      vertex 70.6 132.6 0
      vertex 72.7213 131.721 0
    endloop
  endfacet
  facet normal 0 0 -1
    outer loop
      vertex 70.6 0 0
      vertex 72.0142 0.354236 0
      vertex 71.748 0.228361 0
    endloop
  endfacet
  facet normal 0 0 -1
    outer loop
      vertex 72.7213 131.721 0
      vertex 70.6 132.6 0
      vertex 72.5032 131.919 0
    endloop
  endfacet
  facet normal 0 0 -1
    outer loop
      vertex 70.6 0 0
      vertex 71.748 0.228361 0
      vertex 71.4709 0.129178 0
    endloop
  endfacet
  facet normal 0 0 -1
    outer loop
      vertex 72.5032 131.919 0
      vertex 70.6 132.6 0
      vertex 72.2667 132.094 0
    endloop
  endfacet
  facet normal 0 0 -1
    outer loop
      vertex 70.6 0 0
      vertex 71.4709 0.129178 0
      vertex 71.1853 0.0576439 0
    endloop
  endfacet
  facet normal 0 0 -1
    outer loop
      vertex 72.2667 132.094 0
      vertex 70.6 132.6 0
      vertex 72.0142 132.246 0
    endloop
  endfacet
  facet normal 0 0 -1
    outer loop
      vertex 70.6 0 0
      vertex 71.1853 0.0576439 0
      vertex 70.8941 0.0144453 0
    endloop
  endfacet
  facet normal 0 0 -1
    outer loop
      vertex 72.0142 132.246 0
      vertex 70.6 132.6 0
      vertex 71.748 132.372 0
    endloop
  endfacet
  facet normal -0 0 -1
    outer loop
      vertex 73.6 3 0
      vertex 70.6 0 0
      vertex 64.5 30.75 0
    endloop
  endfacet
  facet normal 0 0 -1
    outer loop
      vertex 71.748 132.372 0
      vertex 70.6 132.6 0
      vertex 71.4709 132.471 0
    endloop
  endfacet
  facet normal 0 0 -1
    outer loop
      vertex 71.4709 132.471 0
      vertex 70.6 132.6 0
      vertex 71.1853 132.542 0
    endloop
  endfacet
  facet normal 0 0 -1
    outer loop
      vertex 70.6 0 0
      vertex 9.1 30.75 0
      vertex 64.5 30.75 0
    endloop
  endfacet
  facet normal 0 0 -1
    outer loop
      vertex 0 3 0
      vertex 9.1 30.75 0
      vertex 3 0 0
    endloop
  endfacet
  facet normal 0 0 -1
    outer loop
      vertex 3 0 0
      vertex 9.1 30.75 0
      vertex 70.6 0 0
    endloop
  endfacet
  facet normal 0 0 -1
    outer loop
      vertex 71.1853 132.542 0
      vertex 70.6 132.6 0
      vertex 70.8941 132.586 0
    endloop
  endfacet
  facet normal 0 0 -1
    outer loop
      vertex 9.1 114.35 0
      vertex 70.6 132.6 0
      vertex 64.5 114.35 0
    endloop
  endfacet
  facet normal 0 0 -1
    outer loop
      vertex 9.1 114.35 0
      vertex 3 132.6 0
      vertex 70.6 132.6 0
    endloop
  endfacet
  facet normal 0 0 -1
    outer loop
      vertex 0 129.6 0
      vertex 9.1 30.75 0
      vertex 0 3 0
    endloop
  endfacet
  facet normal 0 0 -1
    outer loop
      vertex 0 3 0
      vertex 3 0 0
      vertex 2.70595 0.0144453 0
    endloop
  endfacet
  facet normal 0 0 -1
    outer loop
      vertex 9.1 30.75 0
      vertex 0 129.6 0
      vertex 9.1 114.35 0
    endloop
  endfacet
  facet normal 0 0 -1
    outer loop
      vertex 0 3 0
      vertex 2.70595 0.0144453 0
      vertex 2.41473 0.0576439 0
    endloop
  endfacet
  facet normal 0 0 -1
    outer loop
      vertex 9.1 114.35 0
      vertex 0 129.6 0
      vertex 3 132.6 0
    endloop
  endfacet
  facet normal 0 0 -1
    outer loop
      vertex 0 3 0
      vertex 2.41473 0.0576439 0
      vertex 2.12915 0.129178 0
    endloop
  endfacet
  facet normal 0 0 -1
    outer loop
      vertex 3 132.6 0
      vertex 0 129.6 0
      vertex 2.70595 132.586 0
    endloop
  endfacet
  facet normal 0 0 -1
    outer loop
      vertex 0 3 0
      vertex 2.12915 0.129178 0
      vertex 1.85195 0.228361 0
    endloop
  endfacet
  facet normal 0 0 -1
    outer loop
      vertex 2.70595 132.586 0
      vertex 0 129.6 0
      vertex 2.41473 132.542 0
    endloop
  endfacet
  facet normal 0 0 -1
    outer loop
      vertex 0 3 0
      vertex 1.85195 0.228361 0
      vertex 1.58581 0.354236 0
    endloop
  endfacet
  facet normal 0 0 -1
    outer loop
      vertex 2.41473 132.542 0
      vertex 0 129.6 0
      vertex 2.12915 132.471 0
    endloop
  endfacet
  facet normal 0 0 -1
    outer loop
      vertex 0 3 0
      vertex 1.58581 0.354236 0
      vertex 1.33329 0.50559 0
    endloop
  endfacet
  facet normal 0 0 -1
    outer loop
      vertex 2.12915 132.471 0
      vertex 0 129.6 0
      vertex 1.85195 132.372 0
    endloop
  endfacet
  facet normal 0 0 -1
    outer loop
      vertex 0 3 0
      vertex 1.33329 0.50559 0
      vertex 1.09682 0.680968 0
    endloop
  endfacet
  facet normal 0 0 -1
    outer loop
      vertex 1.85195 132.372 0
      vertex 0 129.6 0
      vertex 1.58581 132.246 0
    endloop
  endfacet
  facet normal 0 0 -1
    outer loop
      vertex 0 3 0
      vertex 1.09682 0.680968 0
      vertex 0.878679 0.878679 0
    endloop
  endfacet
  facet normal 0 0 -1
    outer loop
      vertex 1.58581 132.246 0
      vertex 0 129.6 0
      vertex 1.33329 132.094 0
    endloop
  endfacet
  facet normal 0 0 -1
    outer loop
      vertex 0 3 0
      vertex 0.878679 0.878679 0
      vertex 0.680968 1.09682 0
    endloop
  endfacet
  facet normal 0 0 -1
    outer loop
      vertex 1.33329 132.094 0
      vertex 0 129.6 0
      vertex 1.09682 131.919 0
    endloop
  endfacet
  facet normal 0 0 -1
    outer loop
      vertex 0 3 0
      vertex 0.680968 1.09682 0
      vertex 0.50559 1.33329 0
    endloop
  endfacet
  facet normal 0 0 -1
    outer loop
      vertex 1.09682 131.919 0
      vertex 0 129.6 0
      vertex 0.878679 131.721 0
    endloop
  endfacet
  facet normal 0 0 -1
    outer loop
      vertex 0 3 0
      vertex 0.50559 1.33329 0
      vertex 0.354236 1.58581 0
    endloop
  endfacet
  facet normal 0 0 -1
    outer loop
      vertex 0.878679 131.721 0
      vertex 0 129.6 0
      vertex 0.680968 131.503 0
    endloop
  endfacet
  facet normal 0 0 -1
    outer loop
      vertex 0 3 0
      vertex 0.354236 1.58581 0
      vertex 0.228361 1.85195 0
    endloop
  endfacet
  facet normal 0 0 -1
    outer loop
      vertex 0.680968 131.503 0
      vertex 0 129.6 0
      vertex 0.50559 131.267 0
    endloop
  endfacet
  facet normal 0 0 -1
    outer loop
      vertex 0 3 0
      vertex 0.228361 1.85195 0
      vertex 0.129178 2.12915 0
    endloop
  endfacet
  facet normal 0 0 -1
    outer loop
      vertex 0.50559 131.267 0
      vertex 0 129.6 0
      vertex 0.354236 131.014 0
    endloop
  endfacet
  facet normal 0 0 -1
    outer loop
      vertex 0 3 0
      vertex 0.129178 2.12915 0
      vertex 0.0576439 2.41473 0
    endloop
  endfacet
  facet normal 0 0 -1
    outer loop
      vertex 0.354236 131.014 0
      vertex 0 129.6 0
      vertex 0.228361 130.748 0
    endloop
  endfacet
  facet normal 0 0 -1
    outer loop
      vertex 0 3 0
      vertex 0.0576439 2.41473 0
      vertex 0.0144453 2.70595 0
    endloop
  endfacet
  facet normal 0 0 -1
    outer loop
      vertex 0.228361 130.748 0
      vertex 0 129.6 0
      vertex 0.129178 130.471 0
    endloop
  endfacet
  facet normal 0 0 -1
    outer loop
      vertex 0.129178 130.471 0
      vertex 0 129.6 0
      vertex 0.0576439 130.185 0
    endloop
  endfacet
  facet normal 0 0 -1
    outer loop
      vertex 0.0576439 130.185 0
      vertex 0 129.6 0
      vertex 0.0144453 129.894 0
    endloop
  endfacet
  facet normal 0.515743 0.856744 -0
    outer loop
      vertex 72.2667 132.094 0
      vertex 72.0142 132.246 2.2
      vertex 72.2667 132.094 2.2
    endloop
  endfacet
  facet normal 0.515743 0.856744 0
    outer loop
      vertex 72.0142 132.246 2.2
      vertex 72.2667 132.094 0
      vertex 72.0142 132.246 0
    endloop
  endfacet
  facet normal 0.146741 -0.989175 0
    outer loop
      vertex 70.8941 0.0144453 0
      vertex 71.1853 0.0576439 2.2
      vertex 70.8941 0.0144453 2.2
    endloop
  endfacet
  facet normal 0.146741 -0.989175 0
    outer loop
      vertex 71.1853 0.0576439 2.2
      vertex 70.8941 0.0144453 0
      vertex 71.1853 0.0576439 0
    endloop
  endfacet
  facet normal -0.903989 -0.427556 0
    outer loop
      vertex 0.354236 1.58581 0
      vertex 0.228361 1.85195 2.2
      vertex 0.228361 1.85195 0
    endloop
  endfacet
  facet normal -0.903989 -0.427556 0
    outer loop
      vertex 0.228361 1.85195 2.2
      vertex 0.354236 1.58581 0
      vertex 0.354236 1.58581 2.2
    endloop
  endfacet
  facet normal 0.740971 -0.671538 0
    outer loop
      vertex 72.7213 0.878679 2.2
      vertex 72.919 1.09682 0
      vertex 72.919 1.09682 2.2
    endloop
  endfacet
  facet normal 0.740971 -0.671538 0
    outer loop
      vertex 72.919 1.09682 0
      vertex 72.7213 0.878679 2.2
      vertex 72.7213 0.878679 0
    endloop
  endfacet
  facet normal -0.671558 -0.740952 0
    outer loop
      vertex 0.878679 0.878679 0
      vertex 1.09682 0.680968 2.2
      vertex 0.878679 0.878679 2.2
    endloop
  endfacet
  facet normal -0.671558 -0.740952 -0
    outer loop
      vertex 1.09682 0.680968 2.2
      vertex 0.878679 0.878679 0
      vertex 1.09682 0.680968 0
    endloop
  endfacet
  facet normal 0.803172 -0.595747 0
    outer loop
      vertex 72.919 1.09682 2.2
      vertex 73.0944 1.33329 0
      vertex 73.0944 1.33329 2.2
    endloop
  endfacet
  facet normal 0.803172 -0.595747 0
    outer loop
      vertex 73.0944 1.33329 0
      vertex 72.919 1.09682 2.2
      vertex 72.919 1.09682 0
    endloop
  endfacet
  facet normal -0 0 1
    outer loop
      vertex 1.5 109.35 2.2
      vertex 2.5 35.75 2.2
      vertex 2.5 109.35 2.2
    endloop
  endfacet
  facet normal 0 0 1
    outer loop
      vertex 2.5 35.75 2.2
      vertex 1.5 109.35 2.2
      vertex 1.5 35.75 2.2
    endloop
  endfacet
  facet normal -0 0 1
    outer loop
      vertex 1.5 20.75 2.2
      vertex 7.5 8.75 2.2
      vertex 16.5 20.75 2.2
    endloop
  endfacet
  facet normal 0 0 1
    outer loop
      vertex 7.5 8.75 2.2
      vertex 1.5 20.75 2.2
      vertex 1.5 8.75 2.2
    endloop
  endfacet
  facet normal 0 0 1
    outer loop
      vertex 16.5 124.35 2.2
      vertex 7.5 130.85 2.2
      vertex 7.5 124.35 2.2
    endloop
  endfacet
  facet normal -0 0 1
    outer loop
      vertex 70.1 122.35 2.2
      vertex 71.1 109.35 2.2
      vertex 71.1 123.35 2.2
    endloop
  endfacet
  facet normal 0 0 1
    outer loop
      vertex 71.1 109.35 2.2
      vertex 70.1 122.35 2.2
      vertex 71.1 35.75 2.2
    endloop
  endfacet
  facet normal 0 0 1
    outer loop
      vertex 70.1 22.75 2.2
      vertex 71.1 35.75 2.2
      vertex 70.1 122.35 2.2
    endloop
  endfacet
  facet normal -0 0 1
    outer loop
      vertex 57.1 123.35 2.2
      vertex 70.1 122.35 2.2
      vertex 71.1 123.35 2.2
    endloop
  endfacet
  facet normal 0 0 1
    outer loop
      vertex 16.5 123.35 2.2
      vertex 57.1 123.35 2.2
      vertex 16.5 124.35 2.2
    endloop
  endfacet
  facet normal 0 0 1
    outer loop
      vertex 57.1 123.35 2.2
      vertex 16.5 123.35 2.2
      vertex 70.1 122.35 2.2
    endloop
  endfacet
  facet normal 0 0 1
    outer loop
      vertex 16.5 123.35 2.2
      vertex 3.5 122.35 2.2
      vertex 70.1 122.35 2.2
    endloop
  endfacet
  facet normal 0 0 1
    outer loop
      vertex 2.5 109.35 2.2
      vertex 3.5 122.35 2.2
      vertex 2.5 123.35 2.2
    endloop
  endfacet
  facet normal -0 0 1
    outer loop
      vertex 2.5 123.35 2.2
      vertex 3.5 122.35 2.2
      vertex 16.5 123.35 2.2
    endloop
  endfacet
  facet normal 0 0 1
    outer loop
      vertex 72.1 20.75 2.2
      vertex 66.1 8.75 2.2
      vertex 72.1 8.75 2.2
    endloop
  endfacet
  facet normal 0 0 1
    outer loop
      vertex 66.1 8.75 2.2
      vertex 57.1 20.75 2.2
      vertex 66.1 1.75 2.2
    endloop
  endfacet
  facet normal -0 0 1
    outer loop
      vertex 57.1 20.75 2.2
      vertex 66.1 8.75 2.2
      vertex 72.1 20.75 2.2
    endloop
  endfacet
  facet normal -0 0 1
    outer loop
      vertex 71.1 109.35 2.2
      vertex 72.1 35.75 2.2
      vertex 72.1 109.35 2.2
    endloop
  endfacet
  facet normal 0 0 1
    outer loop
      vertex 72.1 35.75 2.2
      vertex 71.1 109.35 2.2
      vertex 71.1 35.75 2.2
    endloop
  endfacet
  facet normal 0 0 1
    outer loop
      vertex 72.1 130.85 2.2
      vertex 73.6 129.6 2.2
      vertex 73.5856 129.894 2.2
    endloop
  endfacet
  facet normal 0 0 1
    outer loop
      vertex 73.6 129.6 2.2
      vertex 72.1 35.75 2.2
      vertex 73.6 3 2.2
    endloop
  endfacet
  facet normal 0 0 1
    outer loop
      vertex 72.1 130.85 2.2
      vertex 73.5856 129.894 2.2
      vertex 73.5424 130.185 2.2
    endloop
  endfacet
  facet normal -0 0 1
    outer loop
      vertex 72.1 20.75 2.2
      vertex 73.6 3 2.2
      vertex 72.1 35.75 2.2
    endloop
  endfacet
  facet normal 0 0 1
    outer loop
      vertex 72.1 130.85 2.2
      vertex 73.5424 130.185 2.2
      vertex 73.4708 130.471 2.2
    endloop
  endfacet
  facet normal -0 0 1
    outer loop
      vertex 72.1 8.75 2.2
      vertex 73.6 3 2.2
      vertex 72.1 20.75 2.2
    endloop
  endfacet
  facet normal 0 0 1
    outer loop
      vertex 72.1 130.85 2.2
      vertex 73.4708 130.471 2.2
      vertex 73.3716 130.748 2.2
    endloop
  endfacet
  facet normal 0 0 1
    outer loop
      vertex 72.1 1.75 2.2
      vertex 73.6 3 2.2
      vertex 72.1 8.75 2.2
    endloop
  endfacet
  facet normal -0 0 1
    outer loop
      vertex 72.1 130.85 2.2
      vertex 73.3716 130.748 2.2
      vertex 73.2458 131.014 2.2
    endloop
  endfacet
  facet normal 0 0 1
    outer loop
      vertex 73.6 3 2.2
      vertex 72.1 1.75 2.2
      vertex 73.5856 2.70595 2.2
    endloop
  endfacet
  facet normal 0 0 1
    outer loop
      vertex 72.1 130.85 2.2
      vertex 73.2458 131.014 2.2
      vertex 73.0944 131.267 2.2
    endloop
  endfacet
  facet normal 0 0 1
    outer loop
      vertex 73.5856 2.70595 2.2
      vertex 72.1 1.75 2.2
      vertex 73.5424 2.41473 2.2
    endloop
  endfacet
  facet normal 0 0 1
    outer loop
      vertex 72.1 130.85 2.2
      vertex 73.0944 131.267 2.2
      vertex 72.919 131.503 2.2
    endloop
  endfacet
  facet normal 0 0 1
    outer loop
      vertex 73.5424 2.41473 2.2
      vertex 72.1 1.75 2.2
      vertex 73.4708 2.12915 2.2
    endloop
  endfacet
  facet normal 0 0 1
    outer loop
      vertex 72.1 130.85 2.2
      vertex 72.919 131.503 2.2
      vertex 72.7213 131.721 2.2
    endloop
  endfacet
  facet normal 0 0 1
    outer loop
      vertex 73.6 129.6 2.2
      vertex 72.1 109.35 2.2
      vertex 72.1 35.75 2.2
    endloop
  endfacet
  facet normal 0 0 1
    outer loop
      vertex 72.1 130.85 2.2
      vertex 72.7213 131.721 2.2
      vertex 72.5032 131.919 2.2
    endloop
  endfacet
  facet normal 0 0 1
    outer loop
      vertex 73.4708 2.12915 2.2
      vertex 72.1 1.75 2.2
      vertex 73.3716 1.85195 2.2
    endloop
  endfacet
  facet normal 0 0 1
    outer loop
      vertex 72.1 130.85 2.2
      vertex 72.5032 131.919 2.2
      vertex 72.2667 132.094 2.2
    endloop
  endfacet
  facet normal 0 0 1
    outer loop
      vertex 73.3716 1.85195 2.2
      vertex 72.1 1.75 2.2
      vertex 73.2458 1.58581 2.2
    endloop
  endfacet
  facet normal 0 0 1
    outer loop
      vertex 73.6 129.6 2.2
      vertex 72.1 130.85 2.2
      vertex 72.1 109.35 2.2
    endloop
  endfacet
  facet normal 0 0 1
    outer loop
      vertex 72.0142 132.246 2.2
      vertex 72.1 130.85 2.2
      vertex 72.2667 132.094 2.2
    endloop
  endfacet
  facet normal 0 0 1
    outer loop
      vertex 71.748 132.372 2.2
      vertex 72.1 130.85 2.2
      vertex 72.0142 132.246 2.2
    endloop
  endfacet
  facet normal 0 0 1
    outer loop
      vertex 71.4709 132.471 2.2
      vertex 72.1 130.85 2.2
      vertex 71.748 132.372 2.2
    endloop
  endfacet
  facet normal 0 0 1
    outer loop
      vertex 71.1853 132.542 2.2
      vertex 72.1 130.85 2.2
      vertex 71.4709 132.471 2.2
    endloop
  endfacet
  facet normal 0 0 1
    outer loop
      vertex 70.8941 132.586 2.2
      vertex 72.1 130.85 2.2
      vertex 71.1853 132.542 2.2
    endloop
  endfacet
  facet normal 0 0 1
    outer loop
      vertex 70.6 132.6 2.2
      vertex 72.1 130.85 2.2
      vertex 70.8941 132.586 2.2
    endloop
  endfacet
  facet normal 0 0 1
    outer loop
      vertex 70.6 132.6 2.2
      vertex 66.1 130.85 2.2
      vertex 72.1 130.85 2.2
    endloop
  endfacet
  facet normal 0 0 1
    outer loop
      vertex 66.1 130.85 2.2
      vertex 57.1 124.35 2.2
      vertex 66.1 124.35 2.2
    endloop
  endfacet
  facet normal 0 0 1
    outer loop
      vertex 57.1 124.35 2.2
      vertex 16.5 124.35 2.2
      vertex 57.1 123.35 2.2
    endloop
  endfacet
  facet normal 0 0 1
    outer loop
      vertex 66.1 130.85 2.2
      vertex 16.5 124.35 2.2
      vertex 57.1 124.35 2.2
    endloop
  endfacet
  facet normal 0 0 1
    outer loop
      vertex 7.5 130.85 2.2
      vertex 66.1 130.85 2.2
      vertex 70.6 132.6 2.2
    endloop
  endfacet
  facet normal 0 0 1
    outer loop
      vertex 66.1 130.85 2.2
      vertex 7.5 130.85 2.2
      vertex 16.5 124.35 2.2
    endloop
  endfacet
  facet normal -0 0 1
    outer loop
      vertex 3 132.6 2.2
      vertex 7.5 130.85 2.2
      vertex 70.6 132.6 2.2
    endloop
  endfacet
  facet normal 0 0 1
    outer loop
      vertex 1.5 130.85 2.2
      vertex 3 132.6 2.2
      vertex 2.70595 132.586 2.2
    endloop
  endfacet
  facet normal 0 0 1
    outer loop
      vertex 1.5 130.85 2.2
      vertex 2.70595 132.586 2.2
      vertex 2.41473 132.542 2.2
    endloop
  endfacet
  facet normal 0 0 1
    outer loop
      vertex 1.5 130.85 2.2
      vertex 2.41473 132.542 2.2
      vertex 2.12915 132.471 2.2
    endloop
  endfacet
  facet normal 0 0 1
    outer loop
      vertex 1.5 130.85 2.2
      vertex 2.12915 132.471 2.2
      vertex 1.85195 132.372 2.2
    endloop
  endfacet
  facet normal 0 0 1
    outer loop
      vertex 1.5 130.85 2.2
      vertex 1.85195 132.372 2.2
      vertex 1.58581 132.246 2.2
    endloop
  endfacet
  facet normal 0 0 1
    outer loop
      vertex 3 132.6 2.2
      vertex 1.5 130.85 2.2
      vertex 7.5 130.85 2.2
    endloop
  endfacet
  facet normal -0 0 1
    outer loop
      vertex 0 129.6 2.2
      vertex 1.5 109.35 2.2
      vertex 1.5 130.85 2.2
    endloop
  endfacet
  facet normal 0 0 1
    outer loop
      vertex 1.5 109.35 2.2
      vertex 0 129.6 2.2
      vertex 1.5 35.75 2.2
    endloop
  endfacet
  facet normal 0 0 1
    outer loop
      vertex 0 3 2.2
      vertex 1.5 35.75 2.2
      vertex 0 129.6 2.2
    endloop
  endfacet
  facet normal 0 0 1
    outer loop
      vertex 1.5 35.75 2.2
      vertex 0 3 2.2
      vertex 1.5 20.75 2.2
    endloop
  endfacet
  facet normal -0 0 1
    outer loop
      vertex 1.09682 131.919 2.2
      vertex 1.5 130.85 2.2
      vertex 1.33329 132.094 2.2
    endloop
  endfacet
  facet normal -0 0 1
    outer loop
      vertex 1.33329 132.094 2.2
      vertex 1.5 130.85 2.2
      vertex 1.58581 132.246 2.2
    endloop
  endfacet
  facet normal 0 0 1
    outer loop
      vertex 73.2458 1.58581 2.2
      vertex 72.1 1.75 2.2
      vertex 73.0944 1.33329 2.2
    endloop
  endfacet
  facet normal 0 0 1
    outer loop
      vertex 73.0944 1.33329 2.2
      vertex 72.1 1.75 2.2
      vertex 72.919 1.09682 2.2
    endloop
  endfacet
  facet normal 0 0 1
    outer loop
      vertex 72.919 1.09682 2.2
      vertex 72.1 1.75 2.2
      vertex 72.7213 0.878679 2.2
    endloop
  endfacet
  facet normal 0 0 1
    outer loop
      vertex 72.7213 0.878679 2.2
      vertex 72.1 1.75 2.2
      vertex 72.5032 0.680968 2.2
    endloop
  endfacet
  facet normal 0 0 1
    outer loop
      vertex 72.5032 0.680968 2.2
      vertex 72.1 1.75 2.2
      vertex 72.2667 0.50559 2.2
    endloop
  endfacet
  facet normal 0 0 1
    outer loop
      vertex 72.1 1.75 2.2
      vertex 72.0142 0.354236 2.2
      vertex 72.2667 0.50559 2.2
    endloop
  endfacet
  facet normal 0 0 1
    outer loop
      vertex 72.1 1.75 2.2
      vertex 71.748 0.228361 2.2
      vertex 72.0142 0.354236 2.2
    endloop
  endfacet
  facet normal 0 0 1
    outer loop
      vertex 72.1 1.75 2.2
      vertex 71.4709 0.129178 2.2
      vertex 71.748 0.228361 2.2
    endloop
  endfacet
  facet normal 0 0 1
    outer loop
      vertex 72.1 1.75 2.2
      vertex 71.1853 0.0576439 2.2
      vertex 71.4709 0.129178 2.2
    endloop
  endfacet
  facet normal 0 0 1
    outer loop
      vertex 72.1 1.75 2.2
      vertex 70.8941 0.0144453 2.2
      vertex 71.1853 0.0576439 2.2
    endloop
  endfacet
  facet normal 0 0 1
    outer loop
      vertex 72.1 1.75 2.2
      vertex 70.6 0 2.2
      vertex 70.8941 0.0144453 2.2
    endloop
  endfacet
  facet normal -0 0 1
    outer loop
      vertex 66.1 1.75 2.2
      vertex 70.6 0 2.2
      vertex 72.1 1.75 2.2
    endloop
  endfacet
  facet normal 0 0 1
    outer loop
      vertex 16.5 20.75 2.2
      vertex 57.1 20.75 2.2
      vertex 16.5 21.75 2.2
    endloop
  endfacet
  facet normal 0 0 1
    outer loop
      vertex 57.1 20.75 2.2
      vertex 16.5 20.75 2.2
      vertex 66.1 1.75 2.2
    endloop
  endfacet
  facet normal 0 0 1
    outer loop
      vertex 7.5 1.75 2.2
      vertex 66.1 1.75 2.2
      vertex 16.5 20.75 2.2
    endloop
  endfacet
  facet normal 0 0 1
    outer loop
      vertex 7.5 1.75 2.2
      vertex 16.5 20.75 2.2
      vertex 7.5 8.75 2.2
    endloop
  endfacet
  facet normal 0 0 1
    outer loop
      vertex 66.1 1.75 2.2
      vertex 7.5 1.75 2.2
      vertex 70.6 0 2.2
    endloop
  endfacet
  facet normal 0 0 1
    outer loop
      vertex 7.5 1.75 2.2
      vertex 3 0 2.2
      vertex 70.6 0 2.2
    endloop
  endfacet
  facet normal -0 0 1
    outer loop
      vertex 1.5 1.75 2.2
      vertex 3 0 2.2
      vertex 7.5 1.75 2.2
    endloop
  endfacet
  facet normal 0 0 1
    outer loop
      vertex 3 0 2.2
      vertex 1.5 1.75 2.2
      vertex 2.70595 0.0144453 2.2
    endloop
  endfacet
  facet normal 0 0 1
    outer loop
      vertex 2.70595 0.0144453 2.2
      vertex 1.5 1.75 2.2
      vertex 2.41473 0.0576439 2.2
    endloop
  endfacet
  facet normal 0 0 1
    outer loop
      vertex 2.41473 0.0576439 2.2
      vertex 1.5 1.75 2.2
      vertex 2.12915 0.129178 2.2
    endloop
  endfacet
  facet normal 0 0 1
    outer loop
      vertex 2.12915 0.129178 2.2
      vertex 1.5 1.75 2.2
      vertex 1.85195 0.228361 2.2
    endloop
  endfacet
  facet normal 0 0 1
    outer loop
      vertex 1.85195 0.228361 2.2
      vertex 1.5 1.75 2.2
      vertex 1.58581 0.354236 2.2
    endloop
  endfacet
  facet normal 0 0 1
    outer loop
      vertex 1.5 1.75 2.2
      vertex 1.33329 0.50559 2.2
      vertex 1.58581 0.354236 2.2
    endloop
  endfacet
  facet normal 0 0 1
    outer loop
      vertex 1.5 20.75 2.2
      vertex 0 3 2.2
      vertex 1.5 8.75 2.2
    endloop
  endfacet
  facet normal -0 0 1
    outer loop
      vertex 0.878679 131.721 2.2
      vertex 1.5 130.85 2.2
      vertex 1.09682 131.919 2.2
    endloop
  endfacet
  facet normal 0 0 1
    outer loop
      vertex 1.5 8.75 2.2
      vertex 0 3 2.2
      vertex 1.5 1.75 2.2
    endloop
  endfacet
  facet normal -0 0 1
    outer loop
      vertex 0.680968 131.503 2.2
      vertex 1.5 130.85 2.2
      vertex 0.878679 131.721 2.2
    endloop
  endfacet
  facet normal -0 -0 1
    outer loop
      vertex 0.0144453 2.70595 2.2
      vertex 1.5 1.75 2.2
      vertex 0 3 2.2
    endloop
  endfacet
  facet normal -0 0 1
    outer loop
      vertex 0.50559 131.267 2.2
      vertex 1.5 130.85 2.2
      vertex 0.680968 131.503 2.2
    endloop
  endfacet
  facet normal 0 0 1
    outer loop
      vertex 1.5 1.75 2.2
      vertex 1.09682 0.680968 2.2
      vertex 1.33329 0.50559 2.2
    endloop
  endfacet
  facet normal -0 0 1
    outer loop
      vertex 0.354236 131.014 2.2
      vertex 1.5 130.85 2.2
      vertex 0.50559 131.267 2.2
    endloop
  endfacet
  facet normal 0 0 1
    outer loop
      vertex 1.5 1.75 2.2
      vertex 0.878679 0.878679 2.2
      vertex 1.09682 0.680968 2.2
    endloop
  endfacet
  facet normal 0 0 1
    outer loop
      vertex 0.228361 130.748 2.2
      vertex 1.5 130.85 2.2
      vertex 0.354236 131.014 2.2
    endloop
  endfacet
  facet normal 0 0 1
    outer loop
      vertex 1.5 1.75 2.2
      vertex 0.680968 1.09682 2.2
      vertex 0.878679 0.878679 2.2
    endloop
  endfacet
  facet normal 0 0 1
    outer loop
      vertex 0.129178 130.471 2.2
      vertex 1.5 130.85 2.2
      vertex 0.228361 130.748 2.2
    endloop
  endfacet
  facet normal 0 0 1
    outer loop
      vertex 1.5 1.75 2.2
      vertex 0.50559 1.33329 2.2
      vertex 0.680968 1.09682 2.2
    endloop
  endfacet
  facet normal 0 0 1
    outer loop
      vertex 0.0576439 130.185 2.2
      vertex 1.5 130.85 2.2
      vertex 0.129178 130.471 2.2
    endloop
  endfacet
  facet normal 0 0 1
    outer loop
      vertex 1.5 1.75 2.2
      vertex 0.354236 1.58581 2.2
      vertex 0.50559 1.33329 2.2
    endloop
  endfacet
  facet normal 0 0 1
    outer loop
      vertex 0.0144453 129.894 2.2
      vertex 1.5 130.85 2.2
      vertex 0.0576439 130.185 2.2
    endloop
  endfacet
  facet normal 0 0 1
    outer loop
      vertex 1.5 1.75 2.2
      vertex 0.228361 1.85195 2.2
      vertex 0.354236 1.58581 2.2
    endloop
  endfacet
  facet normal 0 0 1
    outer loop
      vertex 1.5 130.85 2.2
      vertex 0.0144453 129.894 2.2
      vertex 0 129.6 2.2
    endloop
  endfacet
  facet normal 0 0 1
    outer loop
      vertex 1.5 1.75 2.2
      vertex 0.129178 2.12915 2.2
      vertex 0.228361 1.85195 2.2
    endloop
  endfacet
  facet normal 0 0 1
    outer loop
      vertex 1.5 1.75 2.2
      vertex 0.0576439 2.41473 2.2
      vertex 0.129178 2.12915 2.2
    endloop
  endfacet
  facet normal 0 0 1
    outer loop
      vertex 1.5 1.75 2.2
      vertex 0.0144453 2.70595 2.2
      vertex 0.0576439 2.41473 2.2
    endloop
  endfacet
  facet normal 0 0 1
    outer loop
      vertex 71.1 35.75 2.2
      vertex 70.1 22.75 2.2
      vertex 71.1 21.75 2.2
    endloop
  endfacet
  facet normal 0 0 1
    outer loop
      vertex 70.1 22.75 2.2
      vertex 57.1 21.75 2.2
      vertex 71.1 21.75 2.2
    endloop
  endfacet
  facet normal 0 0 1
    outer loop
      vertex 57.1 21.75 2.2
      vertex 16.5 21.75 2.2
      vertex 57.1 20.75 2.2
    endloop
  endfacet
  facet normal 0 0 1
    outer loop
      vertex 70.1 22.75 2.2
      vertex 16.5 21.75 2.2
      vertex 57.1 21.75 2.2
    endloop
  endfacet
  facet normal -0 0 1
    outer loop
      vertex 3.5 22.75 2.2
      vertex 16.5 21.75 2.2
      vertex 70.1 22.75 2.2
    endloop
  endfacet
  facet normal 0 0 1
    outer loop
      vertex 3.5 122.35 2.2
      vertex 2.5 109.35 2.2
      vertex 3.5 22.75 2.2
    endloop
  endfacet
  facet normal -0 0 1
    outer loop
      vertex 2.5 35.75 2.2
      vertex 3.5 22.75 2.2
      vertex 2.5 109.35 2.2
    endloop
  endfacet
  facet normal 0 0 1
    outer loop
      vertex 3.5 22.75 2.2
      vertex 2.5 21.75 2.2
      vertex 16.5 21.75 2.2
    endloop
  endfacet
  facet normal 0 0 1
    outer loop
      vertex 2.5 21.75 2.2
      vertex 3.5 22.75 2.2
      vertex 2.5 35.75 2.2
    endloop
  endfacet
  facet normal 0 -0.243039 0.970016
    outer loop
      vertex 1.5 5.54028 7.24306
      vertex 7.5 5.44509 7.21921
      vertex 7.5 5.54028 7.24306
    endloop
  endfacet
  facet normal 0 -0.243039 0.970016
    outer loop
      vertex 7.5 5.44509 7.21921
      vertex 1.5 5.54028 7.24306
      vertex 1.5 5.44509 7.21921
    endloop
  endfacet
  facet normal 0 -0.970041 -0.242943
    outer loop
      vertex 1.5 6.23078 8.39509
      vertex 7.5 6.20694 8.49028
      vertex 1.5 6.20694 8.49028
    endloop
  endfacet
  facet normal 0 -0.970041 -0.242943
    outer loop
      vertex 7.5 6.20694 8.49028
      vertex 1.5 6.23078 8.39509
      vertex 7.5 6.23078 8.39509
    endloop
  endfacet
  facet normal 0 0.903995 0.427543
    outer loop
      vertex 7.5 4.36808 7.7286
      vertex 1.5 4.32612 7.81732
      vertex 7.5 4.32612 7.81732
    endloop
  endfacet
  facet normal 0 0.903995 0.427543
    outer loop
      vertex 1.5 4.32612 7.81732
      vertex 7.5 4.36808 7.7286
      vertex 1.5 4.36808 7.7286
    endloop
  endfacet
  facet normal 0 -0.59572 0.803192
    outer loop
      vertex 1.5 5.88439 7.42699
      vertex 7.5 5.80557 7.36853
      vertex 7.5 5.88439 7.42699
    endloop
  endfacet
  facet normal 0 -0.59572 0.803192
    outer loop
      vertex 7.5 5.80557 7.36853
      vertex 1.5 5.88439 7.42699
      vertex 1.5 5.80557 7.36853
    endloop
  endfacet
  facet normal 0 -0.0490126 0.998798
    outer loop
      vertex 1.5 5.34802 7.20481
      vertex 7.5 5.25 7.2
      vertex 7.5 5.34802 7.20481
    endloop
  endfacet
  facet normal 0 -0.0490126 0.998798
    outer loop
      vertex 7.5 5.25 7.2
      vertex 1.5 5.34802 7.20481
      vertex 1.5 5.25 7.2
    endloop
  endfacet
  facet normal 0 0.857727 0.514106
    outer loop
      vertex 7.5 4.41853 7.64443
      vertex 1.5 4.36808 7.7286
      vertex 7.5 4.36808 7.7286
    endloop
  endfacet
  facet normal 0 0.857727 0.514106
    outer loop
      vertex 1.5 4.36808 7.7286
      vertex 7.5 4.41853 7.64443
      vertex 1.5 4.41853 7.64443
    endloop
  endfacet
  facet normal 0 0.941548 -0.336879
    outer loop
      vertex 7.5 4.29306 8.49028
      vertex 1.5 4.32612 8.58268
      vertex 7.5 4.32612 8.58268
    endloop
  endfacet
  facet normal 0 0.941548 -0.336879
    outer loop
      vertex 1.5 4.32612 8.58268
      vertex 7.5 4.29306 8.49028
      vertex 1.5 4.29306 8.49028
    endloop
  endfacet
  facet normal 0 0.941537 0.336911
    outer loop
      vertex 7.5 4.32612 7.81732
      vertex 1.5 4.29306 7.90971
      vertex 7.5 4.29306 7.90971
    endloop
  endfacet
  facet normal 0 0.941537 0.336911
    outer loop
      vertex 1.5 4.29306 7.90971
      vertex 7.5 4.32612 7.81732
      vertex 1.5 4.32612 7.81732
    endloop
  endfacet
  facet normal 0 0.857727 -0.514106
    outer loop
      vertex 7.5 4.36808 8.6714
      vertex 1.5 4.41853 8.75557
      vertex 7.5 4.41853 8.75557
    endloop
  endfacet
  facet normal 0 0.857727 -0.514106
    outer loop
      vertex 1.5 4.41853 8.75557
      vertex 7.5 4.36808 8.6714
      vertex 1.5 4.36808 8.6714
    endloop
  endfacet
  facet normal 0 0.514106 -0.857727
    outer loop
      vertex 1.5 4.69443 9.03147
      vertex 7.5 4.7786 9.08192
      vertex 7.5 4.69443 9.03147
    endloop
  endfacet
  facet normal 0 0.514106 -0.857727
    outer loop
      vertex 7.5 4.7786 9.08192
      vertex 1.5 4.69443 9.03147
      vertex 1.5 4.7786 9.08192
    endloop
  endfacet
  facet normal 0 -0.741 -0.671505
    outer loop
      vertex 1.5 6.02301 8.83439
      vertex 7.5 5.95711 8.90711
      vertex 1.5 5.95711 8.90711
    endloop
  endfacet
  facet normal 0 -0.741 -0.671505
    outer loop
      vertex 7.5 5.95711 8.90711
      vertex 1.5 6.02301 8.83439
      vertex 7.5 6.02301 8.83439
    endloop
  endfacet
  facet normal 0 0.970023 0.243015
    outer loop
      vertex 7.5 4.29306 7.90971
      vertex 1.5 4.26921 8.00491
      vertex 7.5 4.26921 8.00491
    endloop
  endfacet
  facet normal 0 0.970023 0.243015
    outer loop
      vertex 1.5 4.26921 8.00491
      vertex 7.5 4.29306 7.90971
      vertex 1.5 4.29306 7.90971
    endloop
  endfacet
  facet normal 0 -0.514106 -0.857727
    outer loop
      vertex 1.5 5.7214 9.08192
      vertex 7.5 5.80557 9.03147
      vertex 7.5 5.7214 9.08192
    endloop
  endfacet
  facet normal -0 -0.514106 -0.857727
    outer loop
      vertex 7.5 5.80557 9.03147
      vertex 1.5 5.7214 9.08192
      vertex 1.5 5.80557 9.03147
    endloop
  endfacet
  facet normal 0 -0.146641 -0.98919
    outer loop
      vertex 1.5 5.34802 9.19518
      vertex 7.5 5.44509 9.18079
      vertex 7.5 5.34802 9.19518
    endloop
  endfacet
  facet normal -0 -0.146641 -0.98919
    outer loop
      vertex 7.5 5.44509 9.18079
      vertex 1.5 5.34802 9.19518
      vertex 1.5 5.44509 9.18079
    endloop
  endfacet
  facet normal 0 -0.989175 0.146741
    outer loop
      vertex 1.5 6.23078 8.00491
      vertex 7.5 6.24518 8.10198
      vertex 1.5 6.24518 8.10198
    endloop
  endfacet
  facet normal 0 -0.989175 0.146741
    outer loop
      vertex 7.5 6.24518 8.10198
      vertex 1.5 6.23078 8.00491
      vertex 7.5 6.23078 8.00491
    endloop
  endfacet
  facet normal -0 0.59572 0.803192
    outer loop
      vertex 1.5 4.69443 7.36853
      vertex 7.5 4.61561 7.42699
      vertex 7.5 4.69443 7.36853
    endloop
  endfacet
  facet normal 0 0.59572 0.803192
    outer loop
      vertex 7.5 4.61561 7.42699
      vertex 1.5 4.69443 7.36853
      vertex 1.5 4.61561 7.42699
    endloop
  endfacet
  facet normal 0 -0.941537 0.336911
    outer loop
      vertex 1.5 6.17388 7.81732
      vertex 7.5 6.20694 7.90971
      vertex 1.5 6.20694 7.90971
    endloop
  endfacet
  facet normal 0 -0.941537 0.336911
    outer loop
      vertex 7.5 6.20694 7.90971
      vertex 1.5 6.17388 7.81732
      vertex 7.5 6.17388 7.81732
    endloop
  endfacet
  facet normal 0 -0.427543 0.903995
    outer loop
      vertex 1.5 5.7214 7.31808
      vertex 7.5 5.63268 7.27612
      vertex 7.5 5.7214 7.31808
    endloop
  endfacet
  facet normal 0 -0.427543 0.903995
    outer loop
      vertex 7.5 5.63268 7.27612
      vertex 1.5 5.7214 7.31808
      vertex 1.5 5.63268 7.27612
    endloop
  endfacet
  facet normal 0 -0.803192 -0.59572
    outer loop
      vertex 1.5 6.08147 8.75557
      vertex 7.5 6.02301 8.83439
      vertex 1.5 6.02301 8.83439
    endloop
  endfacet
  facet normal 0 -0.803192 -0.59572
    outer loop
      vertex 7.5 6.02301 8.83439
      vertex 1.5 6.08147 8.75557
      vertex 7.5 6.08147 8.75557
    endloop
  endfacet
  facet normal 0 -0.803192 0.59572
    outer loop
      vertex 1.5 6.02301 7.56561
      vertex 7.5 6.08147 7.64443
      vertex 1.5 6.08147 7.64443
    endloop
  endfacet
  facet normal 0 -0.803192 0.59572
    outer loop
      vertex 7.5 6.08147 7.64443
      vertex 1.5 6.02301 7.56561
      vertex 7.5 6.02301 7.56561
    endloop
  endfacet
  facet normal 0 0.970016 -0.243039
    outer loop
      vertex 7.5 4.26921 8.39509
      vertex 1.5 4.29306 8.49028
      vertex 7.5 4.29306 8.49028
    endloop
  endfacet
  facet normal 0 0.970016 -0.243039
    outer loop
      vertex 1.5 4.29306 8.49028
      vertex 7.5 4.26921 8.39509
      vertex 1.5 4.26921 8.39509
    endloop
  endfacet
  facet normal 0 -0.857727 -0.514106
    outer loop
      vertex 1.5 6.13192 8.6714
      vertex 7.5 6.08147 8.75557
      vertex 1.5 6.08147 8.75557
    endloop
  endfacet
  facet normal 0 -0.857727 -0.514106
    outer loop
      vertex 7.5 6.08147 8.75557
      vertex 1.5 6.13192 8.6714
      vertex 7.5 6.13192 8.6714
    endloop
  endfacet
  facet normal 0 0.998793 -0.0491143
    outer loop
      vertex 7.5 4.25 8.2
      vertex 1.5 4.25482 8.29802
      vertex 7.5 4.25482 8.29802
    endloop
  endfacet
  facet normal 0 0.998793 -0.0491143
    outer loop
      vertex 1.5 4.25482 8.29802
      vertex 7.5 4.25 8.2
      vertex 1.5 4.25 8.2
    endloop
  endfacet
  facet normal 0 -0.857727 0.514106
    outer loop
      vertex 1.5 6.08147 7.64443
      vertex 7.5 6.13192 7.7286
      vertex 1.5 6.13192 7.7286
    endloop
  endfacet
  facet normal 0 -0.857727 0.514106
    outer loop
      vertex 7.5 6.13192 7.7286
      vertex 1.5 6.08147 7.64443
      vertex 7.5 6.08147 7.64443
    endloop
  endfacet
  facet normal 0 0.336911 -0.941537
    outer loop
      vertex 1.5 4.86732 9.12388
      vertex 7.5 4.95971 9.15694
      vertex 7.5 4.86732 9.12388
    endloop
  endfacet
  facet normal 0 0.336911 -0.941537
    outer loop
      vertex 7.5 4.95971 9.15694
      vertex 1.5 4.86732 9.12388
      vertex 1.5 4.95971 9.15694
    endloop
  endfacet
  facet normal -0 0.0490126 0.998798
    outer loop
      vertex 1.5 5.25 7.2
      vertex 7.5 5.15198 7.20481
      vertex 7.5 5.25 7.2
    endloop
  endfacet
  facet normal 0 0.0490126 0.998798
    outer loop
      vertex 7.5 5.15198 7.20481
      vertex 1.5 5.25 7.2
      vertex 1.5 5.15198 7.20481
    endloop
  endfacet
  facet normal 0 -0.903995 -0.427543
    outer loop
      vertex 1.5 6.17388 8.58268
      vertex 7.5 6.13192 8.6714
      vertex 1.5 6.13192 8.6714
    endloop
  endfacet
  facet normal 0 -0.903995 -0.427543
    outer loop
      vertex 7.5 6.13192 8.6714
      vertex 1.5 6.17388 8.58268
      vertex 7.5 6.17388 8.58268
    endloop
  endfacet
  facet normal -0 0.427543 0.903995
    outer loop
      vertex 1.5 4.86732 7.27612
      vertex 7.5 4.7786 7.31808
      vertex 7.5 4.86732 7.27612
    endloop
  endfacet
  facet normal 0 0.427543 0.903995
    outer loop
      vertex 7.5 4.7786 7.31808
      vertex 1.5 4.86732 7.27612
      vertex 1.5 4.7786 7.31808
    endloop
  endfacet
  facet normal 0 0.803192 -0.59572
    outer loop
      vertex 7.5 4.41853 8.75557
      vertex 1.5 4.47699 8.83439
      vertex 7.5 4.47699 8.83439
    endloop
  endfacet
  facet normal 0 0.803192 -0.59572
    outer loop
      vertex 1.5 4.47699 8.83439
      vertex 7.5 4.41853 8.75557
      vertex 1.5 4.41853 8.75557
    endloop
  endfacet
  facet normal 0 -0.59572 -0.803192
    outer loop
      vertex 1.5 5.80557 9.03147
      vertex 7.5 5.88439 8.97301
      vertex 7.5 5.80557 9.03147
    endloop
  endfacet
  facet normal -0 -0.59572 -0.803192
    outer loop
      vertex 7.5 5.88439 8.97301
      vertex 1.5 5.80557 9.03147
      vertex 1.5 5.88439 8.97301
    endloop
  endfacet
  facet normal 0 0.427543 -0.903995
    outer loop
      vertex 1.5 4.7786 9.08192
      vertex 7.5 4.86732 9.12388
      vertex 7.5 4.7786 9.08192
    endloop
  endfacet
  facet normal 0 0.427543 -0.903995
    outer loop
      vertex 7.5 4.86732 9.12388
      vertex 1.5 4.7786 9.08192
      vertex 1.5 4.86732 9.12388
    endloop
  endfacet
  facet normal 0 -0.146741 0.989175
    outer loop
      vertex 1.5 5.44509 7.21921
      vertex 7.5 5.34802 7.20481
      vertex 7.5 5.44509 7.21921
    endloop
  endfacet
  facet normal 0 -0.146741 0.989175
    outer loop
      vertex 7.5 5.34802 7.20481
      vertex 1.5 5.44509 7.21921
      vertex 1.5 5.34802 7.20481
    endloop
  endfacet
  facet normal 0 -0.336879 -0.941548
    outer loop
      vertex 1.5 5.54028 9.15694
      vertex 7.5 5.63268 9.12388
      vertex 7.5 5.54028 9.15694
    endloop
  endfacet
  facet normal -0 -0.336879 -0.941548
    outer loop
      vertex 7.5 5.63268 9.12388
      vertex 1.5 5.54028 9.15694
      vertex 1.5 5.63268 9.12388
    endloop
  endfacet
  facet normal 0 -0.336879 0.941548
    outer loop
      vertex 1.5 5.63268 7.27612
      vertex 7.5 5.54028 7.24306
      vertex 7.5 5.63268 7.27612
    endloop
  endfacet
  facet normal 0 -0.336879 0.941548
    outer loop
      vertex 7.5 5.54028 7.24306
      vertex 1.5 5.63268 7.27612
      vertex 1.5 5.54028 7.24306
    endloop
  endfacet
  facet normal 0 0.741 -0.671505
    outer loop
      vertex 7.5 4.47699 8.83439
      vertex 1.5 4.54289 8.90711
      vertex 7.5 4.54289 8.90711
    endloop
  endfacet
  facet normal 0 0.741 -0.671505
    outer loop
      vertex 1.5 4.54289 8.90711
      vertex 7.5 4.47699 8.83439
      vertex 1.5 4.47699 8.83439
    endloop
  endfacet
  facet normal -0 0.243015 0.970023
    outer loop
      vertex 1.5 5.05491 7.21921
      vertex 7.5 4.95971 7.24306
      vertex 7.5 5.05491 7.21921
    endloop
  endfacet
  facet normal 0 0.243015 0.970023
    outer loop
      vertex 7.5 4.95971 7.24306
      vertex 1.5 5.05491 7.21921
      vertex 1.5 4.95971 7.24306
    endloop
  endfacet
  facet normal -0 0.146741 0.989175
    outer loop
      vertex 1.5 5.15198 7.20481
      vertex 7.5 5.05491 7.21921
      vertex 7.5 5.15198 7.20481
    endloop
  endfacet
  facet normal 0 0.146741 0.989175
    outer loop
      vertex 7.5 5.05491 7.21921
      vertex 1.5 5.15198 7.20481
      vertex 1.5 5.05491 7.21921
    endloop
  endfacet
  facet normal 0 -0.941548 -0.336879
    outer loop
      vertex 1.5 6.20694 8.49028
      vertex 7.5 6.17388 8.58268
      vertex 1.5 6.17388 8.58268
    endloop
  endfacet
  facet normal 0 -0.941548 -0.336879
    outer loop
      vertex 7.5 6.17388 8.58268
      vertex 1.5 6.20694 8.49028
      vertex 7.5 6.20694 8.49028
    endloop
  endfacet
  facet normal 0 0.98919 0.146641
    outer loop
      vertex 7.5 4.26921 8.00491
      vertex 1.5 4.25482 8.10198
      vertex 7.5 4.25482 8.10198
    endloop
  endfacet
  facet normal 0 0.98919 0.146641
    outer loop
      vertex 1.5 4.25482 8.10198
      vertex 7.5 4.26921 8.00491
      vertex 1.5 4.26921 8.00491
    endloop
  endfacet
  facet normal -0 0.514106 0.857727
    outer loop
      vertex 1.5 4.7786 7.31808
      vertex 7.5 4.69443 7.36853
      vertex 7.5 4.7786 7.31808
    endloop
  endfacet
  facet normal 0 0.514106 0.857727
    outer loop
      vertex 7.5 4.69443 7.36853
      vertex 1.5 4.7786 7.31808
      vertex 1.5 4.69443 7.36853
    endloop
  endfacet
  facet normal 0 -0.998793 -0.0491143
    outer loop
      vertex 1.5 6.25 8.2
      vertex 7.5 6.24518 8.29802
      vertex 1.5 6.24518 8.29802
    endloop
  endfacet
  facet normal 0 -0.998793 -0.0491143
    outer loop
      vertex 7.5 6.24518 8.29802
      vertex 1.5 6.25 8.2
      vertex 7.5 6.25 8.2
    endloop
  endfacet
  facet normal 0 0.0491143 -0.998793
    outer loop
      vertex 1.5 5.15198 9.19518
      vertex 7.5 5.25 9.2
      vertex 7.5 5.15198 9.19518
    endloop
  endfacet
  facet normal 0 0.0491143 -0.998793
    outer loop
      vertex 7.5 5.25 9.2
      vertex 1.5 5.15198 9.19518
      vertex 1.5 5.25 9.2
    endloop
  endfacet
  facet normal -0 0.336911 0.941537
    outer loop
      vertex 1.5 4.95971 7.24306
      vertex 7.5 4.86732 7.27612
      vertex 7.5 4.95971 7.24306
    endloop
  endfacet
  facet normal 0 0.336911 0.941537
    outer loop
      vertex 7.5 4.86732 7.27612
      vertex 1.5 4.95971 7.24306
      vertex 1.5 4.86732 7.27612
    endloop
  endfacet
  facet normal 0 -0.903995 0.427543
    outer loop
      vertex 1.5 6.13192 7.7286
      vertex 7.5 6.17388 7.81732
      vertex 1.5 6.17388 7.81732
    endloop
  endfacet
  facet normal 0 -0.903995 0.427543
    outer loop
      vertex 7.5 6.17388 7.81732
      vertex 1.5 6.13192 7.7286
      vertex 7.5 6.13192 7.7286
    endloop
  endfacet
  facet normal 0 -0.998793 0.0491143
    outer loop
      vertex 1.5 6.24518 8.10198
      vertex 7.5 6.25 8.2
      vertex 1.5 6.25 8.2
    endloop
  endfacet
  facet normal 0 -0.998793 0.0491143
    outer loop
      vertex 7.5 6.25 8.2
      vertex 1.5 6.24518 8.10198
      vertex 7.5 6.24518 8.10198
    endloop
  endfacet
  facet normal 0 -0.514106 0.857727
    outer loop
      vertex 1.5 5.80557 7.36853
      vertex 7.5 5.7214 7.31808
      vertex 7.5 5.80557 7.36853
    endloop
  endfacet
  facet normal 0 -0.514106 0.857727
    outer loop
      vertex 7.5 5.7214 7.31808
      vertex 1.5 5.80557 7.36853
      vertex 1.5 5.7214 7.31808
    endloop
  endfacet
  facet normal 0 0.98919 -0.146641
    outer loop
      vertex 7.5 4.25482 8.29802
      vertex 1.5 4.26921 8.39509
      vertex 7.5 4.26921 8.39509
    endloop
  endfacet
  facet normal 0 0.98919 -0.146641
    outer loop
      vertex 1.5 4.26921 8.39509
      vertex 7.5 4.25482 8.29802
      vertex 1.5 4.25482 8.29802
    endloop
  endfacet
  facet normal 0 0.741 0.671505
    outer loop
      vertex 7.5 4.54289 7.49289
      vertex 1.5 4.47699 7.56561
      vertex 7.5 4.47699 7.56561
    endloop
  endfacet
  facet normal 0 0.741 0.671505
    outer loop
      vertex 1.5 4.47699 7.56561
      vertex 7.5 4.54289 7.49289
      vertex 1.5 4.54289 7.49289
    endloop
  endfacet
  facet normal 0 -0.671505 -0.741
    outer loop
      vertex 1.5 5.88439 8.97301
      vertex 7.5 5.95711 8.90711
      vertex 7.5 5.88439 8.97301
    endloop
  endfacet
  facet normal -0 -0.671505 -0.741
    outer loop
      vertex 7.5 5.95711 8.90711
      vertex 1.5 5.88439 8.97301
      vertex 1.5 5.95711 8.90711
    endloop
  endfacet
  facet normal 0 -0.671505 0.741
    outer loop
      vertex 1.5 5.95711 7.49289
      vertex 7.5 5.88439 7.42699
      vertex 7.5 5.95711 7.49289
    endloop
  endfacet
  facet normal 0 -0.671505 0.741
    outer loop
      vertex 7.5 5.88439 7.42699
      vertex 1.5 5.95711 7.49289
      vertex 1.5 5.88439 7.42699
    endloop
  endfacet
  facet normal 0 -0.741 0.671505
    outer loop
      vertex 1.5 5.95711 7.49289
      vertex 7.5 6.02301 7.56561
      vertex 1.5 6.02301 7.56561
    endloop
  endfacet
  facet normal 0 -0.741 0.671505
    outer loop
      vertex 7.5 6.02301 7.56561
      vertex 1.5 5.95711 7.49289
      vertex 7.5 5.95711 7.49289
    endloop
  endfacet
  facet normal 0 -0.989175 -0.146741
    outer loop
      vertex 1.5 6.24518 8.29802
      vertex 7.5 6.23078 8.39509
      vertex 1.5 6.23078 8.39509
    endloop
  endfacet
  facet normal 0 -0.989175 -0.146741
    outer loop
      vertex 7.5 6.23078 8.39509
      vertex 1.5 6.24518 8.29802
      vertex 7.5 6.24518 8.29802
    endloop
  endfacet
  facet normal 0 0.243015 -0.970023
    outer loop
      vertex 1.5 4.95971 9.15694
      vertex 7.5 5.05491 9.18079
      vertex 7.5 4.95971 9.15694
    endloop
  endfacet
  facet normal 0 0.243015 -0.970023
    outer loop
      vertex 7.5 5.05491 9.18079
      vertex 1.5 4.95971 9.15694
      vertex 1.5 5.05491 9.18079
    endloop
  endfacet
  facet normal 0 -0.427543 -0.903995
    outer loop
      vertex 1.5 5.63268 9.12388
      vertex 7.5 5.7214 9.08192
      vertex 7.5 5.63268 9.12388
    endloop
  endfacet
  facet normal -0 -0.427543 -0.903995
    outer loop
      vertex 7.5 5.7214 9.08192
      vertex 1.5 5.63268 9.12388
      vertex 1.5 5.7214 9.08192
    endloop
  endfacet
  facet normal 0 0.903995 -0.427543
    outer loop
      vertex 7.5 4.32612 8.58268
      vertex 1.5 4.36808 8.6714
      vertex 7.5 4.36808 8.6714
    endloop
  endfacet
  facet normal 0 0.903995 -0.427543
    outer loop
      vertex 1.5 4.36808 8.6714
      vertex 7.5 4.32612 8.58268
      vertex 1.5 4.32612 8.58268
    endloop
  endfacet
  facet normal 0 -0.243039 -0.970016
    outer loop
      vertex 1.5 5.44509 9.18079
      vertex 7.5 5.54028 9.15694
      vertex 7.5 5.44509 9.18079
    endloop
  endfacet
  facet normal -0 -0.243039 -0.970016
    outer loop
      vertex 7.5 5.54028 9.15694
      vertex 1.5 5.44509 9.18079
      vertex 1.5 5.54028 9.15694
    endloop
  endfacet
  facet normal 0 -0.970047 0.242919
    outer loop
      vertex 1.5 6.20694 7.90971
      vertex 7.5 6.23078 8.00491
      vertex 1.5 6.23078 8.00491
    endloop
  endfacet
  facet normal 0 -0.970047 0.242919
    outer loop
      vertex 7.5 6.23078 8.00491
      vertex 1.5 6.20694 7.90971
      vertex 7.5 6.20694 7.90971
    endloop
  endfacet
  facet normal 0 0.671505 -0.741
    outer loop
      vertex 1.5 4.54289 8.90711
      vertex 7.5 4.61561 8.97301
      vertex 7.5 4.54289 8.90711
    endloop
  endfacet
  facet normal 0 0.671505 -0.741
    outer loop
      vertex 7.5 4.61561 8.97301
      vertex 1.5 4.54289 8.90711
      vertex 1.5 4.61561 8.97301
    endloop
  endfacet
  facet normal 0 0.998793 0.0491143
    outer loop
      vertex 7.5 4.25482 8.10198
      vertex 1.5 4.25 8.2
      vertex 7.5 4.25 8.2
    endloop
  endfacet
  facet normal 0 0.998793 0.0491143
    outer loop
      vertex 1.5 4.25 8.2
      vertex 7.5 4.25482 8.10198
      vertex 1.5 4.25482 8.10198
    endloop
  endfacet
  facet normal 0 0.146641 -0.98919
    outer loop
      vertex 1.5 5.05491 9.18079
      vertex 7.5 5.15198 9.19518
      vertex 7.5 5.05491 9.18079
    endloop
  endfacet
  facet normal 0 0.146641 -0.98919
    outer loop
      vertex 7.5 5.15198 9.19518
      vertex 1.5 5.05491 9.18079
      vertex 1.5 5.15198 9.19518
    endloop
  endfacet
  facet normal 0 0.803192 0.59572
    outer loop
      vertex 7.5 4.47699 7.56561
      vertex 1.5 4.41853 7.64443
      vertex 7.5 4.41853 7.64443
    endloop
  endfacet
  facet normal 0 0.803192 0.59572
    outer loop
      vertex 1.5 4.41853 7.64443
      vertex 7.5 4.47699 7.56561
      vertex 1.5 4.47699 7.56561
    endloop
  endfacet
  facet normal 0 0.59572 -0.803192
    outer loop
      vertex 1.5 4.61561 8.97301
      vertex 7.5 4.69443 9.03147
      vertex 7.5 4.61561 8.97301
    endloop
  endfacet
  facet normal 0 0.59572 -0.803192
    outer loop
      vertex 7.5 4.69443 9.03147
      vertex 1.5 4.61561 8.97301
      vertex 1.5 4.69443 9.03147
    endloop
  endfacet
  facet normal 0 -0.0491143 -0.998793
    outer loop
      vertex 1.5 5.25 9.2
      vertex 7.5 5.34802 9.19518
      vertex 7.5 5.25 9.2
    endloop
  endfacet
  facet normal -0 -0.0491143 -0.998793
    outer loop
      vertex 7.5 5.34802 9.19518
      vertex 1.5 5.25 9.2
      vertex 1.5 5.34802 9.19518
    endloop
  endfacet
  facet normal -0 0.671505 0.741
    outer loop
      vertex 1.5 4.61561 7.42699
      vertex 7.5 4.54289 7.49289
      vertex 7.5 4.61561 7.42699
    endloop
  endfacet
  facet normal 0 0.671505 0.741
    outer loop
      vertex 7.5 4.54289 7.49289
      vertex 1.5 4.61561 7.42699
      vertex 1.5 4.54289 7.49289
    endloop
  endfacet
  facet normal 0 -0.243039 0.970016
    outer loop
      vertex 66.1 5.54028 7.24306
      vertex 72.1 5.44509 7.21921
      vertex 72.1 5.54028 7.24306
    endloop
  endfacet
  facet normal 0 -0.243039 0.970016
    outer loop
      vertex 72.1 5.44509 7.21921
      vertex 66.1 5.54028 7.24306
      vertex 66.1 5.44509 7.21921
    endloop
  endfacet
  facet normal 0 -0.970041 -0.242943
    outer loop
      vertex 66.1 6.23078 8.39509
      vertex 72.1 6.20694 8.49028
      vertex 66.1 6.20694 8.49028
    endloop
  endfacet
  facet normal 0 -0.970041 -0.242943
    outer loop
      vertex 72.1 6.20694 8.49028
      vertex 66.1 6.23078 8.39509
      vertex 72.1 6.23078 8.39509
    endloop
  endfacet
  facet normal 0 0.903995 0.427543
    outer loop
      vertex 72.1 4.36808 7.7286
      vertex 66.1 4.32612 7.81732
      vertex 72.1 4.32612 7.81732
    endloop
  endfacet
  facet normal 0 0.903995 0.427543
    outer loop
      vertex 66.1 4.32612 7.81732
      vertex 72.1 4.36808 7.7286
      vertex 66.1 4.36808 7.7286
    endloop
  endfacet
  facet normal 0 -0.59572 0.803192
    outer loop
      vertex 66.1 5.88439 7.42699
      vertex 72.1 5.80557 7.36853
      vertex 72.1 5.88439 7.42699
    endloop
  endfacet
  facet normal 0 -0.59572 0.803192
    outer loop
      vertex 72.1 5.80557 7.36853
      vertex 66.1 5.88439 7.42699
      vertex 66.1 5.80557 7.36853
    endloop
  endfacet
  facet normal 0 -0.0490126 0.998798
    outer loop
      vertex 66.1 5.34802 7.20481
      vertex 72.1 5.25 7.2
      vertex 72.1 5.34802 7.20481
    endloop
  endfacet
  facet normal 0 -0.0490126 0.998798
    outer loop
      vertex 72.1 5.25 7.2
      vertex 66.1 5.34802 7.20481
      vertex 66.1 5.25 7.2
    endloop
  endfacet
  facet normal 0 0.857727 0.514106
    outer loop
      vertex 72.1 4.41853 7.64443
      vertex 66.1 4.36808 7.7286
      vertex 72.1 4.36808 7.7286
    endloop
  endfacet
  facet normal 0 0.857727 0.514106
    outer loop
      vertex 66.1 4.36808 7.7286
      vertex 72.1 4.41853 7.64443
      vertex 66.1 4.41853 7.64443
    endloop
  endfacet
  facet normal 0 0.941548 -0.336879
    outer loop
      vertex 72.1 4.29306 8.49028
      vertex 66.1 4.32612 8.58268
      vertex 72.1 4.32612 8.58268
    endloop
  endfacet
  facet normal 0 0.941548 -0.336879
    outer loop
      vertex 66.1 4.32612 8.58268
      vertex 72.1 4.29306 8.49028
      vertex 66.1 4.29306 8.49028
    endloop
  endfacet
  facet normal 0 0.941537 0.336911
    outer loop
      vertex 72.1 4.32612 7.81732
      vertex 66.1 4.29306 7.90971
      vertex 72.1 4.29306 7.90971
    endloop
  endfacet
  facet normal 0 0.941537 0.336911
    outer loop
      vertex 66.1 4.29306 7.90971
      vertex 72.1 4.32612 7.81732
      vertex 66.1 4.32612 7.81732
    endloop
  endfacet
  facet normal 0 0.857727 -0.514106
    outer loop
      vertex 72.1 4.36808 8.6714
      vertex 66.1 4.41853 8.75557
      vertex 72.1 4.41853 8.75557
    endloop
  endfacet
  facet normal 0 0.857727 -0.514106
    outer loop
      vertex 66.1 4.41853 8.75557
      vertex 72.1 4.36808 8.6714
      vertex 66.1 4.36808 8.6714
    endloop
  endfacet
  facet normal 0 0.514106 -0.857727
    outer loop
      vertex 66.1 4.69443 9.03147
      vertex 72.1 4.7786 9.08192
      vertex 72.1 4.69443 9.03147
    endloop
  endfacet
  facet normal 0 0.514106 -0.857727
    outer loop
      vertex 72.1 4.7786 9.08192
      vertex 66.1 4.69443 9.03147
      vertex 66.1 4.7786 9.08192
    endloop
  endfacet
  facet normal 0 -0.741 -0.671505
    outer loop
      vertex 66.1 6.02301 8.83439
      vertex 72.1 5.95711 8.90711
      vertex 66.1 5.95711 8.90711
    endloop
  endfacet
  facet normal 0 -0.741 -0.671505
    outer loop
      vertex 72.1 5.95711 8.90711
      vertex 66.1 6.02301 8.83439
      vertex 72.1 6.02301 8.83439
    endloop
  endfacet
  facet normal 0 0.970023 0.243015
    outer loop
      vertex 72.1 4.29306 7.90971
      vertex 66.1 4.26921 8.00491
      vertex 72.1 4.26921 8.00491
    endloop
  endfacet
  facet normal 0 0.970023 0.243015
    outer loop
      vertex 66.1 4.26921 8.00491
      vertex 72.1 4.29306 7.90971
      vertex 66.1 4.29306 7.90971
    endloop
  endfacet
  facet normal 0 -0.514106 -0.857727
    outer loop
      vertex 66.1 5.7214 9.08192
      vertex 72.1 5.80557 9.03147
      vertex 72.1 5.7214 9.08192
    endloop
  endfacet
  facet normal -0 -0.514106 -0.857727
    outer loop
      vertex 72.1 5.80557 9.03147
      vertex 66.1 5.7214 9.08192
      vertex 66.1 5.80557 9.03147
    endloop
  endfacet
  facet normal 0 -0.146641 -0.98919
    outer loop
      vertex 66.1 5.34802 9.19518
      vertex 72.1 5.44509 9.18079
      vertex 72.1 5.34802 9.19518
    endloop
  endfacet
  facet normal -0 -0.146641 -0.98919
    outer loop
      vertex 72.1 5.44509 9.18079
      vertex 66.1 5.34802 9.19518
      vertex 66.1 5.44509 9.18079
    endloop
  endfacet
  facet normal 0 -0.989175 0.146741
    outer loop
      vertex 66.1 6.23078 8.00491
      vertex 72.1 6.24518 8.10198
      vertex 66.1 6.24518 8.10198
    endloop
  endfacet
  facet normal 0 -0.989175 0.146741
    outer loop
      vertex 72.1 6.24518 8.10198
      vertex 66.1 6.23078 8.00491
      vertex 72.1 6.23078 8.00491
    endloop
  endfacet
  facet normal -0 0.59572 0.803192
    outer loop
      vertex 66.1 4.69443 7.36853
      vertex 72.1 4.61561 7.42699
      vertex 72.1 4.69443 7.36853
    endloop
  endfacet
  facet normal 0 0.59572 0.803192
    outer loop
      vertex 72.1 4.61561 7.42699
      vertex 66.1 4.69443 7.36853
      vertex 66.1 4.61561 7.42699
    endloop
  endfacet
  facet normal 0 -0.941537 0.336911
    outer loop
      vertex 66.1 6.17388 7.81732
      vertex 72.1 6.20694 7.90971
      vertex 66.1 6.20694 7.90971
    endloop
  endfacet
  facet normal 0 -0.941537 0.336911
    outer loop
      vertex 72.1 6.20694 7.90971
      vertex 66.1 6.17388 7.81732
      vertex 72.1 6.17388 7.81732
    endloop
  endfacet
  facet normal 0 -0.427543 0.903995
    outer loop
      vertex 66.1 5.7214 7.31808
      vertex 72.1 5.63268 7.27612
      vertex 72.1 5.7214 7.31808
    endloop
  endfacet
  facet normal 0 -0.427543 0.903995
    outer loop
      vertex 72.1 5.63268 7.27612
      vertex 66.1 5.7214 7.31808
      vertex 66.1 5.63268 7.27612
    endloop
  endfacet
  facet normal 0 -0.803192 -0.59572
    outer loop
      vertex 66.1 6.08147 8.75557
      vertex 72.1 6.02301 8.83439
      vertex 66.1 6.02301 8.83439
    endloop
  endfacet
  facet normal 0 -0.803192 -0.59572
    outer loop
      vertex 72.1 6.02301 8.83439
      vertex 66.1 6.08147 8.75557
      vertex 72.1 6.08147 8.75557
    endloop
  endfacet
  facet normal 0 -0.803192 0.59572
    outer loop
      vertex 66.1 6.02301 7.56561
      vertex 72.1 6.08147 7.64443
      vertex 66.1 6.08147 7.64443
    endloop
  endfacet
  facet normal 0 -0.803192 0.59572
    outer loop
      vertex 72.1 6.08147 7.64443
      vertex 66.1 6.02301 7.56561
      vertex 72.1 6.02301 7.56561
    endloop
  endfacet
  facet normal 0 0.970016 -0.243039
    outer loop
      vertex 72.1 4.26921 8.39509
      vertex 66.1 4.29306 8.49028
      vertex 72.1 4.29306 8.49028
    endloop
  endfacet
  facet normal 0 0.970016 -0.243039
    outer loop
      vertex 66.1 4.29306 8.49028
      vertex 72.1 4.26921 8.39509
      vertex 66.1 4.26921 8.39509
    endloop
  endfacet
  facet normal 0 -0.857727 -0.514106
    outer loop
      vertex 66.1 6.13192 8.6714
      vertex 72.1 6.08147 8.75557
      vertex 66.1 6.08147 8.75557
    endloop
  endfacet
  facet normal 0 -0.857727 -0.514106
    outer loop
      vertex 72.1 6.08147 8.75557
      vertex 66.1 6.13192 8.6714
      vertex 72.1 6.13192 8.6714
    endloop
  endfacet
  facet normal 0 -0.989175 -0.146741
    outer loop
      vertex 66.1 6.24518 8.29802
      vertex 72.1 6.23078 8.39509
      vertex 66.1 6.23078 8.39509
    endloop
  endfacet
  facet normal 0 -0.989175 -0.146741
    outer loop
      vertex 72.1 6.23078 8.39509
      vertex 66.1 6.24518 8.29802
      vertex 72.1 6.24518 8.29802
    endloop
  endfacet
  facet normal 0 0.998793 -0.0491143
    outer loop
      vertex 72.1 4.25 8.2
      vertex 66.1 4.25482 8.29802
      vertex 72.1 4.25482 8.29802
    endloop
  endfacet
  facet normal 0 0.998793 -0.0491143
    outer loop
      vertex 66.1 4.25482 8.29802
      vertex 72.1 4.25 8.2
      vertex 66.1 4.25 8.2
    endloop
  endfacet
  facet normal 0 -0.857727 0.514106
    outer loop
      vertex 66.1 6.08147 7.64443
      vertex 72.1 6.13192 7.7286
      vertex 66.1 6.13192 7.7286
    endloop
  endfacet
  facet normal 0 -0.857727 0.514106
    outer loop
      vertex 72.1 6.13192 7.7286
      vertex 66.1 6.08147 7.64443
      vertex 72.1 6.08147 7.64443
    endloop
  endfacet
  facet normal 0 0.336911 -0.941537
    outer loop
      vertex 66.1 4.86732 9.12388
      vertex 72.1 4.95971 9.15694
      vertex 72.1 4.86732 9.12388
    endloop
  endfacet
  facet normal 0 0.336911 -0.941537
    outer loop
      vertex 72.1 4.95971 9.15694
      vertex 66.1 4.86732 9.12388
      vertex 66.1 4.95971 9.15694
    endloop
  endfacet
  facet normal -0 0.0490126 0.998798
    outer loop
      vertex 66.1 5.25 7.2
      vertex 72.1 5.15198 7.20481
      vertex 72.1 5.25 7.2
    endloop
  endfacet
  facet normal 0 0.0490126 0.998798
    outer loop
      vertex 72.1 5.15198 7.20481
      vertex 66.1 5.25 7.2
      vertex 66.1 5.15198 7.20481
    endloop
  endfacet
  facet normal 0 -0.903995 -0.427543
    outer loop
      vertex 66.1 6.17388 8.58268
      vertex 72.1 6.13192 8.6714
      vertex 66.1 6.13192 8.6714
    endloop
  endfacet
  facet normal 0 -0.903995 -0.427543
    outer loop
      vertex 72.1 6.13192 8.6714
      vertex 66.1 6.17388 8.58268
      vertex 72.1 6.17388 8.58268
    endloop
  endfacet
  facet normal -0 0.427543 0.903995
    outer loop
      vertex 66.1 4.86732 7.27612
      vertex 72.1 4.7786 7.31808
      vertex 72.1 4.86732 7.27612
    endloop
  endfacet
  facet normal 0 0.427543 0.903995
    outer loop
      vertex 72.1 4.7786 7.31808
      vertex 66.1 4.86732 7.27612
      vertex 66.1 4.7786 7.31808
    endloop
  endfacet
  facet normal 0 0.803192 -0.59572
    outer loop
      vertex 72.1 4.41853 8.75557
      vertex 66.1 4.47699 8.83439
      vertex 72.1 4.47699 8.83439
    endloop
  endfacet
  facet normal 0 0.803192 -0.59572
    outer loop
      vertex 66.1 4.47699 8.83439
      vertex 72.1 4.41853 8.75557
      vertex 66.1 4.41853 8.75557
    endloop
  endfacet
  facet normal 0 -0.59572 -0.803192
    outer loop
      vertex 66.1 5.80557 9.03147
      vertex 72.1 5.88439 8.97301
      vertex 72.1 5.80557 9.03147
    endloop
  endfacet
  facet normal -0 -0.59572 -0.803192
    outer loop
      vertex 72.1 5.88439 8.97301
      vertex 66.1 5.80557 9.03147
      vertex 66.1 5.88439 8.97301
    endloop
  endfacet
  facet normal 0 0.427543 -0.903995
    outer loop
      vertex 66.1 4.7786 9.08192
      vertex 72.1 4.86732 9.12388
      vertex 72.1 4.7786 9.08192
    endloop
  endfacet
  facet normal 0 0.427543 -0.903995
    outer loop
      vertex 72.1 4.86732 9.12388
      vertex 66.1 4.7786 9.08192
      vertex 66.1 4.86732 9.12388
    endloop
  endfacet
  facet normal 0 -0.146741 0.989175
    outer loop
      vertex 66.1 5.44509 7.21921
      vertex 72.1 5.34802 7.20481
      vertex 72.1 5.44509 7.21921
    endloop
  endfacet
  facet normal 0 -0.146741 0.989175
    outer loop
      vertex 72.1 5.34802 7.20481
      vertex 66.1 5.44509 7.21921
      vertex 66.1 5.34802 7.20481
    endloop
  endfacet
  facet normal 0 -0.336879 -0.941548
    outer loop
      vertex 66.1 5.54028 9.15694
      vertex 72.1 5.63268 9.12388
      vertex 72.1 5.54028 9.15694
    endloop
  endfacet
  facet normal -0 -0.336879 -0.941548
    outer loop
      vertex 72.1 5.63268 9.12388
      vertex 66.1 5.54028 9.15694
      vertex 66.1 5.63268 9.12388
    endloop
  endfacet
  facet normal 0 -0.336879 0.941548
    outer loop
      vertex 66.1 5.63268 7.27612
      vertex 72.1 5.54028 7.24306
      vertex 72.1 5.63268 7.27612
    endloop
  endfacet
  facet normal 0 -0.336879 0.941548
    outer loop
      vertex 72.1 5.54028 7.24306
      vertex 66.1 5.63268 7.27612
      vertex 66.1 5.54028 7.24306
    endloop
  endfacet
  facet normal 0 0.741 -0.671505
    outer loop
      vertex 72.1 4.47699 8.83439
      vertex 66.1 4.54289 8.90711
      vertex 72.1 4.54289 8.90711
    endloop
  endfacet
  facet normal 0 0.741 -0.671505
    outer loop
      vertex 66.1 4.54289 8.90711
      vertex 72.1 4.47699 8.83439
      vertex 66.1 4.47699 8.83439
    endloop
  endfacet
  facet normal -0 0.243015 0.970023
    outer loop
      vertex 66.1 5.05491 7.21921
      vertex 72.1 4.95971 7.24306
      vertex 72.1 5.05491 7.21921
    endloop
  endfacet
  facet normal 0 0.243015 0.970023
    outer loop
      vertex 72.1 4.95971 7.24306
      vertex 66.1 5.05491 7.21921
      vertex 66.1 4.95971 7.24306
    endloop
  endfacet
  facet normal -0 0.146741 0.989175
    outer loop
      vertex 66.1 5.15198 7.20481
      vertex 72.1 5.05491 7.21921
      vertex 72.1 5.15198 7.20481
    endloop
  endfacet
  facet normal 0 0.146741 0.989175
    outer loop
      vertex 72.1 5.05491 7.21921
      vertex 66.1 5.15198 7.20481
      vertex 66.1 5.05491 7.21921
    endloop
  endfacet
  facet normal 0 -0.941548 -0.336879
    outer loop
      vertex 66.1 6.20694 8.49028
      vertex 72.1 6.17388 8.58268
      vertex 66.1 6.17388 8.58268
    endloop
  endfacet
  facet normal 0 -0.941548 -0.336879
    outer loop
      vertex 72.1 6.17388 8.58268
      vertex 66.1 6.20694 8.49028
      vertex 72.1 6.20694 8.49028
    endloop
  endfacet
  facet normal 0 0.98919 0.146641
    outer loop
      vertex 72.1 4.26921 8.00491
      vertex 66.1 4.25482 8.10198
      vertex 72.1 4.25482 8.10198
    endloop
  endfacet
  facet normal 0 0.98919 0.146641
    outer loop
      vertex 66.1 4.25482 8.10198
      vertex 72.1 4.26921 8.00491
      vertex 66.1 4.26921 8.00491
    endloop
  endfacet
  facet normal -0 0.514106 0.857727
    outer loop
      vertex 66.1 4.7786 7.31808
      vertex 72.1 4.69443 7.36853
      vertex 72.1 4.7786 7.31808
    endloop
  endfacet
  facet normal 0 0.514106 0.857727
    outer loop
      vertex 72.1 4.69443 7.36853
      vertex 66.1 4.7786 7.31808
      vertex 66.1 4.69443 7.36853
    endloop
  endfacet
  facet normal 0 -0.998793 -0.0491143
    outer loop
      vertex 66.1 6.25 8.2
      vertex 72.1 6.24518 8.29802
      vertex 66.1 6.24518 8.29802
    endloop
  endfacet
  facet normal 0 -0.998793 -0.0491143
    outer loop
      vertex 72.1 6.24518 8.29802
      vertex 66.1 6.25 8.2
      vertex 72.1 6.25 8.2
    endloop
  endfacet
  facet normal 0 0.0491143 -0.998793
    outer loop
      vertex 66.1 5.15198 9.19518
      vertex 72.1 5.25 9.2
      vertex 72.1 5.15198 9.19518
    endloop
  endfacet
  facet normal 0 0.0491143 -0.998793
    outer loop
      vertex 72.1 5.25 9.2
      vertex 66.1 5.15198 9.19518
      vertex 66.1 5.25 9.2
    endloop
  endfacet
  facet normal -0 0.336911 0.941537
    outer loop
      vertex 66.1 4.95971 7.24306
      vertex 72.1 4.86732 7.27612
      vertex 72.1 4.95971 7.24306
    endloop
  endfacet
  facet normal 0 0.336911 0.941537
    outer loop
      vertex 72.1 4.86732 7.27612
      vertex 66.1 4.95971 7.24306
      vertex 66.1 4.86732 7.27612
    endloop
  endfacet
  facet normal 0 -0.903995 0.427543
    outer loop
      vertex 66.1 6.13192 7.7286
      vertex 72.1 6.17388 7.81732
      vertex 66.1 6.17388 7.81732
    endloop
  endfacet
  facet normal 0 -0.903995 0.427543
    outer loop
      vertex 72.1 6.17388 7.81732
      vertex 66.1 6.13192 7.7286
      vertex 72.1 6.13192 7.7286
    endloop
  endfacet
  facet normal 0 -0.998793 0.0491143
    outer loop
      vertex 66.1 6.24518 8.10198
      vertex 72.1 6.25 8.2
      vertex 66.1 6.25 8.2
    endloop
  endfacet
  facet normal 0 -0.998793 0.0491143
    outer loop
      vertex 72.1 6.25 8.2
      vertex 66.1 6.24518 8.10198
      vertex 72.1 6.24518 8.10198
    endloop
  endfacet
  facet normal 0 -0.514106 0.857727
    outer loop
      vertex 66.1 5.80557 7.36853
      vertex 72.1 5.7214 7.31808
      vertex 72.1 5.80557 7.36853
    endloop
  endfacet
  facet normal 0 -0.514106 0.857727
    outer loop
      vertex 72.1 5.7214 7.31808
      vertex 66.1 5.80557 7.36853
      vertex 66.1 5.7214 7.31808
    endloop
  endfacet
  facet normal 0 0.98919 -0.146641
    outer loop
      vertex 72.1 4.25482 8.29802
      vertex 66.1 4.26921 8.39509
      vertex 72.1 4.26921 8.39509
    endloop
  endfacet
  facet normal 0 0.98919 -0.146641
    outer loop
      vertex 66.1 4.26921 8.39509
      vertex 72.1 4.25482 8.29802
      vertex 66.1 4.25482 8.29802
    endloop
  endfacet
  facet normal 0 0.741 0.671505
    outer loop
      vertex 72.1 4.54289 7.49289
      vertex 66.1 4.47699 7.56561
      vertex 72.1 4.47699 7.56561
    endloop
  endfacet
  facet normal 0 0.741 0.671505
    outer loop
      vertex 66.1 4.47699 7.56561
      vertex 72.1 4.54289 7.49289
      vertex 66.1 4.54289 7.49289
    endloop
  endfacet
  facet normal 0 -0.671505 -0.741
    outer loop
      vertex 66.1 5.88439 8.97301
      vertex 72.1 5.95711 8.90711
      vertex 72.1 5.88439 8.97301
    endloop
  endfacet
  facet normal -0 -0.671505 -0.741
    outer loop
      vertex 72.1 5.95711 8.90711
      vertex 66.1 5.88439 8.97301
      vertex 66.1 5.95711 8.90711
    endloop
  endfacet
  facet normal 0 -0.671505 0.741
    outer loop
      vertex 66.1 5.95711 7.49289
      vertex 72.1 5.88439 7.42699
      vertex 72.1 5.95711 7.49289
    endloop
  endfacet
  facet normal 0 -0.671505 0.741
    outer loop
      vertex 72.1 5.88439 7.42699
      vertex 66.1 5.95711 7.49289
      vertex 66.1 5.88439 7.42699
    endloop
  endfacet
  facet normal 0 -0.741 0.671505
    outer loop
      vertex 66.1 5.95711 7.49289
      vertex 72.1 6.02301 7.56561
      vertex 66.1 6.02301 7.56561
    endloop
  endfacet
  facet normal 0 -0.741 0.671505
    outer loop
      vertex 72.1 6.02301 7.56561
      vertex 66.1 5.95711 7.49289
      vertex 72.1 5.95711 7.49289
    endloop
  endfacet
  facet normal 0 0.243015 -0.970023
    outer loop
      vertex 66.1 4.95971 9.15694
      vertex 72.1 5.05491 9.18079
      vertex 72.1 4.95971 9.15694
    endloop
  endfacet
  facet normal 0 0.243015 -0.970023
    outer loop
      vertex 72.1 5.05491 9.18079
      vertex 66.1 4.95971 9.15694
      vertex 66.1 5.05491 9.18079
    endloop
  endfacet
  facet normal 0 -0.427543 -0.903995
    outer loop
      vertex 66.1 5.63268 9.12388
      vertex 72.1 5.7214 9.08192
      vertex 72.1 5.63268 9.12388
    endloop
  endfacet
  facet normal -0 -0.427543 -0.903995
    outer loop
      vertex 72.1 5.7214 9.08192
      vertex 66.1 5.63268 9.12388
      vertex 66.1 5.7214 9.08192
    endloop
  endfacet
  facet normal 0 0.903995 -0.427543
    outer loop
      vertex 72.1 4.32612 8.58268
      vertex 66.1 4.36808 8.6714
      vertex 72.1 4.36808 8.6714
    endloop
  endfacet
  facet normal 0 0.903995 -0.427543
    outer loop
      vertex 66.1 4.36808 8.6714
      vertex 72.1 4.32612 8.58268
      vertex 66.1 4.32612 8.58268
    endloop
  endfacet
  facet normal 0 -0.243039 -0.970016
    outer loop
      vertex 66.1 5.44509 9.18079
      vertex 72.1 5.54028 9.15694
      vertex 72.1 5.44509 9.18079
    endloop
  endfacet
  facet normal -0 -0.243039 -0.970016
    outer loop
      vertex 72.1 5.54028 9.15694
      vertex 66.1 5.44509 9.18079
      vertex 66.1 5.54028 9.15694
    endloop
  endfacet
  facet normal 0 -0.970047 0.242919
    outer loop
      vertex 66.1 6.20694 7.90971
      vertex 72.1 6.23078 8.00491
      vertex 66.1 6.23078 8.00491
    endloop
  endfacet
  facet normal 0 -0.970047 0.242919
    outer loop
      vertex 72.1 6.23078 8.00491
      vertex 66.1 6.20694 7.90971
      vertex 72.1 6.20694 7.90971
    endloop
  endfacet
  facet normal 0 0.671505 -0.741
    outer loop
      vertex 66.1 4.54289 8.90711
      vertex 72.1 4.61561 8.97301
      vertex 72.1 4.54289 8.90711
    endloop
  endfacet
  facet normal 0 0.671505 -0.741
    outer loop
      vertex 72.1 4.61561 8.97301
      vertex 66.1 4.54289 8.90711
      vertex 66.1 4.61561 8.97301
    endloop
  endfacet
  facet normal 0 0.998793 0.0491143
    outer loop
      vertex 72.1 4.25482 8.10198
      vertex 66.1 4.25 8.2
      vertex 72.1 4.25 8.2
    endloop
  endfacet
  facet normal 0 0.998793 0.0491143
    outer loop
      vertex 66.1 4.25 8.2
      vertex 72.1 4.25482 8.10198
      vertex 66.1 4.25482 8.10198
    endloop
  endfacet
  facet normal 0 0.146641 -0.98919
    outer loop
      vertex 66.1 5.05491 9.18079
      vertex 72.1 5.15198 9.19518
      vertex 72.1 5.05491 9.18079
    endloop
  endfacet
  facet normal 0 0.146641 -0.98919
    outer loop
      vertex 72.1 5.15198 9.19518
      vertex 66.1 5.05491 9.18079
      vertex 66.1 5.15198 9.19518
    endloop
  endfacet
  facet normal 0 0.803192 0.59572
    outer loop
      vertex 72.1 4.47699 7.56561
      vertex 66.1 4.41853 7.64443
      vertex 72.1 4.41853 7.64443
    endloop
  endfacet
  facet normal 0 0.803192 0.59572
    outer loop
      vertex 66.1 4.41853 7.64443
      vertex 72.1 4.47699 7.56561
      vertex 66.1 4.47699 7.56561
    endloop
  endfacet
  facet normal 0 0.59572 -0.803192
    outer loop
      vertex 66.1 4.61561 8.97301
      vertex 72.1 4.69443 9.03147
      vertex 72.1 4.61561 8.97301
    endloop
  endfacet
  facet normal 0 0.59572 -0.803192
    outer loop
      vertex 72.1 4.69443 9.03147
      vertex 66.1 4.61561 8.97301
      vertex 66.1 4.69443 9.03147
    endloop
  endfacet
  facet normal 0 -0.0491143 -0.998793
    outer loop
      vertex 66.1 5.25 9.2
      vertex 72.1 5.34802 9.19518
      vertex 72.1 5.25 9.2
    endloop
  endfacet
  facet normal -0 -0.0491143 -0.998793
    outer loop
      vertex 72.1 5.34802 9.19518
      vertex 66.1 5.25 9.2
      vertex 66.1 5.34802 9.19518
    endloop
  endfacet
  facet normal -0 0.671505 0.741
    outer loop
      vertex 66.1 4.61561 7.42699
      vertex 72.1 4.54289 7.49289
      vertex 72.1 4.61561 7.42699
    endloop
  endfacet
  facet normal 0 0.671505 0.741
    outer loop
      vertex 72.1 4.54289 7.49289
      vertex 66.1 4.61561 7.42699
      vertex 66.1 4.54289 7.49289
    endloop
  endfacet
  facet normal 0 0.998702 0.0509438
    outer loop
      vertex 7.5 126.355 8.10198
      vertex 1.5 126.35 8.2
      vertex 7.5 126.35 8.2
    endloop
  endfacet
  facet normal 0 0.998702 0.0509438
    outer loop
      vertex 1.5 126.35 8.2
      vertex 7.5 126.355 8.10198
      vertex 1.5 126.355 8.10198
    endloop
  endfacet
  facet normal -0 0.430395 0.90264
    outer loop
      vertex 1.5 126.967 7.27612
      vertex 7.5 126.879 7.31808
      vertex 7.5 126.967 7.27612
    endloop
  endfacet
  facet normal 0 0.430395 0.90264
    outer loop
      vertex 7.5 126.879 7.31808
      vertex 1.5 126.967 7.27612
      vertex 1.5 126.879 7.31808
    endloop
  endfacet
  facet normal 0 -0.740493 -0.672064
    outer loop
      vertex 1.5 128.123 8.83439
      vertex 7.5 128.057 8.90711
      vertex 1.5 128.057 8.90711
    endloop
  endfacet
  facet normal 0 -0.740493 -0.672064
    outer loop
      vertex 7.5 128.057 8.90711
      vertex 1.5 128.123 8.83439
      vertex 7.5 128.123 8.83439
    endloop
  endfacet
  facet normal 0 0.0491243 -0.998793
    outer loop
      vertex 1.5 127.252 9.19518
      vertex 7.5 127.35 9.2
      vertex 7.5 127.252 9.19518
    endloop
  endfacet
  facet normal 0 0.0491243 -0.998793
    outer loop
      vertex 7.5 127.35 9.2
      vertex 1.5 127.252 9.19518
      vertex 1.5 127.35 9.2
    endloop
  endfacet
  facet normal 0 0.94173 0.336369
    outer loop
      vertex 7.5 126.426 7.81732
      vertex 1.5 126.393 7.90971
      vertex 7.5 126.393 7.90971
    endloop
  endfacet
  facet normal 0 0.94173 0.336369
    outer loop
      vertex 1.5 126.393 7.90971
      vertex 7.5 126.426 7.81732
      vertex 1.5 126.426 7.81732
    endloop
  endfacet
  facet normal 0 0.243496 -0.969902
    outer loop
      vertex 1.5 127.06 9.15694
      vertex 7.5 127.155 9.18079
      vertex 7.5 127.06 9.15694
    endloop
  endfacet
  facet normal 0 0.243496 -0.969902
    outer loop
      vertex 7.5 127.155 9.18079
      vertex 1.5 127.06 9.15694
      vertex 1.5 127.155 9.18079
    endloop
  endfacet
  facet normal -0 0.146844 0.98916
    outer loop
      vertex 1.5 127.252 7.20481
      vertex 7.5 127.155 7.21921
      vertex 7.5 127.252 7.20481
    endloop
  endfacet
  facet normal 0 0.146844 0.98916
    outer loop
      vertex 7.5 127.155 7.21921
      vertex 1.5 127.252 7.20481
      vertex 1.5 127.155 7.21921
    endloop
  endfacet
  facet normal 0 -0.670088 0.742282
    outer loop
      vertex 1.5 128.057 7.49289
      vertex 7.5 127.984 7.42699
      vertex 7.5 128.057 7.49289
    endloop
  endfacet
  facet normal 0 -0.670088 0.742282
    outer loop
      vertex 7.5 127.984 7.42699
      vertex 1.5 128.057 7.49289
      vertex 1.5 127.984 7.42699
    endloop
  endfacet
  facet normal 0 0.989759 -0.142749
    outer loop
      vertex 7.5 126.355 8.29802
      vertex 1.5 126.369 8.39509
      vertex 7.5 126.369 8.39509
    endloop
  endfacet
  facet normal 0 0.989759 -0.142749
    outer loop
      vertex 1.5 126.369 8.39509
      vertex 7.5 126.355 8.29802
      vertex 1.5 126.355 8.29802
    endloop
  endfacet
  facet normal -0 0.510398 0.859938
    outer loop
      vertex 1.5 126.879 7.31808
      vertex 7.5 126.794 7.36853
      vertex 7.5 126.879 7.31808
    endloop
  endfacet
  facet normal 0 0.510398 0.859938
    outer loop
      vertex 7.5 126.794 7.36853
      vertex 1.5 126.879 7.31808
      vertex 1.5 126.794 7.36853
    endloop
  endfacet
  facet normal 0 0.670088 -0.742282
    outer loop
      vertex 1.5 126.643 8.90711
      vertex 7.5 126.716 8.97301
      vertex 7.5 126.643 8.90711
    endloop
  endfacet
  facet normal 0 0.670088 -0.742282
    outer loop
      vertex 7.5 126.716 8.97301
      vertex 1.5 126.643 8.90711
      vertex 1.5 126.716 8.97301
    endloop
  endfacet
  facet normal 0 -0.0490226 0.998798
    outer loop
      vertex 1.5 127.448 7.20481
      vertex 7.5 127.35 7.2
      vertex 7.5 127.448 7.20481
    endloop
  endfacet
  facet normal 0 -0.0490226 0.998798
    outer loop
      vertex 7.5 127.35 7.2
      vertex 1.5 127.448 7.20481
      vertex 1.5 127.35 7.2
    endloop
  endfacet
  facet normal 0 -0.33495 0.942236
    outer loop
      vertex 1.5 127.733 7.27612
      vertex 7.5 127.64 7.24306
      vertex 7.5 127.733 7.27612
    endloop
  endfacet
  facet normal 0 -0.33495 0.942236
    outer loop
      vertex 7.5 127.64 7.24306
      vertex 1.5 127.733 7.27612
      vertex 1.5 127.64 7.24306
    endloop
  endfacet
  facet normal 0 -0.94173 0.336369
    outer loop
      vertex 1.5 128.274 7.81732
      vertex 7.5 128.307 7.90971
      vertex 1.5 128.307 7.90971
    endloop
  endfacet
  facet normal 0 -0.94173 0.336369
    outer loop
      vertex 7.5 128.307 7.90971
      vertex 1.5 128.274 7.81732
      vertex 7.5 128.274 7.81732
    endloop
  endfacet
  facet normal 0 0.903837 -0.427876
    outer loop
      vertex 7.5 126.426 8.58268
      vertex 1.5 126.468 8.6714
      vertex 7.5 126.468 8.6714
    endloop
  endfacet
  facet normal 0 0.903837 -0.427876
    outer loop
      vertex 1.5 126.468 8.6714
      vertex 7.5 126.426 8.58268
      vertex 1.5 126.426 8.58268
    endloop
  endfacet
  facet normal 0 -0.146844 0.98916
    outer loop
      vertex 1.5 127.545 7.21921
      vertex 7.5 127.448 7.20481
      vertex 7.5 127.545 7.21921
    endloop
  endfacet
  facet normal 0 -0.146844 0.98916
    outer loop
      vertex 7.5 127.448 7.20481
      vertex 1.5 127.545 7.21921
      vertex 1.5 127.448 7.20481
    endloop
  endfacet
  facet normal 0 -0.969655 -0.244477
    outer loop
      vertex 1.5 128.331 8.39509
      vertex 7.5 128.307 8.49028
      vertex 1.5 128.307 8.49028
    endloop
  endfacet
  facet normal 0 -0.969655 -0.244477
    outer loop
      vertex 7.5 128.307 8.49028
      vertex 1.5 128.331 8.39509
      vertex 7.5 128.331 8.39509
    endloop
  endfacet
  facet normal -0 0.243496 0.969902
    outer loop
      vertex 1.5 127.155 7.21921
      vertex 7.5 127.06 7.24306
      vertex 7.5 127.155 7.21921
    endloop
  endfacet
  facet normal 0 0.243496 0.969902
    outer loop
      vertex 7.5 127.06 7.24306
      vertex 1.5 127.155 7.21921
      vertex 1.5 127.06 7.24306
    endloop
  endfacet
  facet normal -0 0.0490226 0.998798
    outer loop
      vertex 1.5 127.35 7.2
      vertex 7.5 127.252 7.20481
      vertex 7.5 127.35 7.2
    endloop
  endfacet
  facet normal 0 0.0490226 0.998798
    outer loop
      vertex 7.5 127.252 7.20481
      vertex 1.5 127.35 7.2
      vertex 1.5 127.252 7.20481
    endloop
  endfacet
  facet normal 0 -0.243496 0.969902
    outer loop
      vertex 1.5 127.64 7.24306
      vertex 7.5 127.545 7.21921
      vertex 7.5 127.64 7.24306
    endloop
  endfacet
  facet normal 0 -0.243496 0.969902
    outer loop
      vertex 7.5 127.545 7.21921
      vertex 1.5 127.64 7.24306
      vertex 1.5 127.545 7.21921
    endloop
  endfacet
  facet normal 0 -0.855252 0.518212
    outer loop
      vertex 1.5 128.181 7.64443
      vertex 7.5 128.232 7.7286
      vertex 1.5 128.232 7.7286
    endloop
  endfacet
  facet normal 0 -0.855252 0.518212
    outer loop
      vertex 7.5 128.232 7.7286
      vertex 1.5 128.181 7.64443
      vertex 7.5 128.181 7.64443
    endloop
  endfacet
  facet normal 0 -0.989759 -0.142749
    outer loop
      vertex 1.5 128.345 8.29802
      vertex 7.5 128.331 8.39509
      vertex 1.5 128.331 8.39509
    endloop
  endfacet
  facet normal 0 -0.989759 -0.142749
    outer loop
      vertex 7.5 128.331 8.39509
      vertex 1.5 128.345 8.29802
      vertex 7.5 128.345 8.29802
    endloop
  endfacet
  facet normal 0 -0.969661 0.244452
    outer loop
      vertex 1.5 128.307 7.90971
      vertex 7.5 128.331 8.00491
      vertex 1.5 128.331 8.00491
    endloop
  endfacet
  facet normal 0 -0.969661 0.244452
    outer loop
      vertex 7.5 128.331 8.00491
      vertex 1.5 128.307 7.90971
      vertex 7.5 128.307 7.90971
    endloop
  endfacet
  facet normal 0 -0.0491243 -0.998793
    outer loop
      vertex 1.5 127.35 9.2
      vertex 7.5 127.448 9.19518
      vertex 7.5 127.35 9.2
    endloop
  endfacet
  facet normal -0 -0.0491243 -0.998793
    outer loop
      vertex 7.5 127.448 9.19518
      vertex 1.5 127.35 9.2
      vertex 1.5 127.448 9.19518
    endloop
  endfacet
  facet normal 0 -0.510398 -0.859938
    outer loop
      vertex 1.5 127.821 9.08192
      vertex 7.5 127.906 9.03147
      vertex 7.5 127.821 9.08192
    endloop
  endfacet
  facet normal -0 -0.510398 -0.859938
    outer loop
      vertex 7.5 127.906 9.03147
      vertex 1.5 127.821 9.08192
      vertex 1.5 127.906 9.03147
    endloop
  endfacet
  facet normal 0 -0.941742 -0.336336
    outer loop
      vertex 1.5 128.307 8.49028
      vertex 7.5 128.274 8.58268
      vertex 1.5 128.274 8.58268
    endloop
  endfacet
  facet normal 0 -0.941742 -0.336336
    outer loop
      vertex 7.5 128.274 8.58268
      vertex 1.5 128.307 8.49028
      vertex 7.5 128.307 8.49028
    endloop
  endfacet
  facet normal 0 0.969661 0.244452
    outer loop
      vertex 7.5 126.393 7.90971
      vertex 1.5 126.369 8.00491
      vertex 7.5 126.369 8.00491
    endloop
  endfacet
  facet normal 0 0.969661 0.244452
    outer loop
      vertex 1.5 126.369 8.00491
      vertex 7.5 126.393 7.90971
      vertex 1.5 126.393 7.90971
    endloop
  endfacet
  facet normal 0 -0.670088 -0.742282
    outer loop
      vertex 1.5 127.984 8.97301
      vertex 7.5 128.057 8.90711
      vertex 7.5 127.984 8.97301
    endloop
  endfacet
  facet normal -0 -0.670088 -0.742282
    outer loop
      vertex 7.5 128.057 8.90711
      vertex 1.5 127.984 8.97301
      vertex 1.5 128.057 8.90711
    endloop
  endfacet
  facet normal 0 -0.805436 -0.592683
    outer loop
      vertex 1.5 128.181 8.75557
      vertex 7.5 128.123 8.83439
      vertex 1.5 128.123 8.83439
    endloop
  endfacet
  facet normal 0 -0.805436 -0.592683
    outer loop
      vertex 7.5 128.123 8.83439
      vertex 1.5 128.181 8.75557
      vertex 7.5 128.181 8.75557
    endloop
  endfacet
  facet normal 0 0.805436 0.592683
    outer loop
      vertex 7.5 126.577 7.56561
      vertex 1.5 126.519 7.64443
      vertex 7.5 126.519 7.64443
    endloop
  endfacet
  facet normal 0 0.805436 0.592683
    outer loop
      vertex 1.5 126.519 7.64443
      vertex 7.5 126.577 7.56561
      vertex 1.5 126.577 7.56561
    endloop
  endfacet
  facet normal 0 -0.805436 0.592683
    outer loop
      vertex 1.5 128.123 7.56561
      vertex 7.5 128.181 7.64443
      vertex 1.5 128.181 7.64443
    endloop
  endfacet
  facet normal 0 -0.805436 0.592683
    outer loop
      vertex 7.5 128.181 7.64443
      vertex 1.5 128.123 7.56561
      vertex 7.5 128.123 7.56561
    endloop
  endfacet
  facet normal 0 -0.903837 0.427876
    outer loop
      vertex 1.5 128.232 7.7286
      vertex 7.5 128.274 7.81732
      vertex 1.5 128.274 7.81732
    endloop
  endfacet
  facet normal 0 -0.903837 0.427876
    outer loop
      vertex 7.5 128.274 7.81732
      vertex 1.5 128.232 7.7286
      vertex 7.5 128.232 7.7286
    endloop
  endfacet
  facet normal 0 -0.243496 -0.969902
    outer loop
      vertex 1.5 127.545 9.18079
      vertex 7.5 127.64 9.15694
      vertex 7.5 127.545 9.18079
    endloop
  endfacet
  facet normal -0 -0.243496 -0.969902
    outer loop
      vertex 7.5 127.64 9.15694
      vertex 1.5 127.545 9.18079
      vertex 1.5 127.64 9.15694
    endloop
  endfacet
  facet normal -0 0.670088 0.742282
    outer loop
      vertex 1.5 126.716 7.42699
      vertex 7.5 126.643 7.49289
      vertex 7.5 126.716 7.42699
    endloop
  endfacet
  facet normal 0 0.670088 0.742282
    outer loop
      vertex 7.5 126.643 7.49289
      vertex 1.5 126.716 7.42699
      vertex 1.5 126.643 7.49289
    endloop
  endfacet
  facet normal -0 0.33495 0.942236
    outer loop
      vertex 1.5 127.06 7.24306
      vertex 7.5 126.967 7.27612
      vertex 7.5 127.06 7.24306
    endloop
  endfacet
  facet normal 0 0.33495 0.942236
    outer loop
      vertex 7.5 126.967 7.27612
      vertex 1.5 127.06 7.24306
      vertex 1.5 126.967 7.27612
    endloop
  endfacet
  facet normal 0 0.989759 0.142749
    outer loop
      vertex 7.5 126.369 8.00491
      vertex 1.5 126.355 8.10198
      vertex 7.5 126.355 8.10198
    endloop
  endfacet
  facet normal 0 0.989759 0.142749
    outer loop
      vertex 1.5 126.355 8.10198
      vertex 7.5 126.369 8.00491
      vertex 1.5 126.369 8.00491
    endloop
  endfacet
  facet normal 0 -0.740493 0.672064
    outer loop
      vertex 1.5 128.057 7.49289
      vertex 7.5 128.123 7.56561
      vertex 1.5 128.123 7.56561
    endloop
  endfacet
  facet normal 0 -0.740493 0.672064
    outer loop
      vertex 7.5 128.123 7.56561
      vertex 1.5 128.057 7.49289
      vertex 7.5 128.057 7.49289
    endloop
  endfacet
  facet normal 0 -0.510398 0.859938
    outer loop
      vertex 1.5 127.906 7.36853
      vertex 7.5 127.821 7.31808
      vertex 7.5 127.906 7.36853
    endloop
  endfacet
  facet normal 0 -0.510398 0.859938
    outer loop
      vertex 7.5 127.821 7.31808
      vertex 1.5 127.906 7.36853
      vertex 1.5 127.821 7.31808
    endloop
  endfacet
  facet normal 0 0.903837 0.427876
    outer loop
      vertex 7.5 126.468 7.7286
      vertex 1.5 126.426 7.81732
      vertex 7.5 126.426 7.81732
    endloop
  endfacet
  facet normal 0 0.903837 0.427876
    outer loop
      vertex 1.5 126.426 7.81732
      vertex 7.5 126.468 7.7286
      vertex 1.5 126.468 7.7286
    endloop
  endfacet
  facet normal 0 -0.430395 0.90264
    outer loop
      vertex 1.5 127.821 7.31808
      vertex 7.5 127.733 7.27612
      vertex 7.5 127.821 7.31808
    endloop
  endfacet
  facet normal 0 -0.430395 0.90264
    outer loop
      vertex 7.5 127.733 7.27612
      vertex 1.5 127.821 7.31808
      vertex 1.5 127.733 7.27612
    endloop
  endfacet
  facet normal 0 -0.855252 -0.518212
    outer loop
      vertex 1.5 128.232 8.6714
      vertex 7.5 128.181 8.75557
      vertex 1.5 128.181 8.75557
    endloop
  endfacet
  facet normal 0 -0.855252 -0.518212
    outer loop
      vertex 7.5 128.181 8.75557
      vertex 1.5 128.232 8.6714
      vertex 7.5 128.232 8.6714
    endloop
  endfacet
  facet normal 0 -0.599737 0.800197
    outer loop
      vertex 1.5 127.984 7.42699
      vertex 7.5 127.906 7.36853
      vertex 7.5 127.984 7.42699
    endloop
  endfacet
  facet normal 0 -0.599737 0.800197
    outer loop
      vertex 7.5 127.906 7.36853
      vertex 1.5 127.984 7.42699
      vertex 1.5 127.906 7.36853
    endloop
  endfacet
  facet normal 0 -0.33495 -0.942236
    outer loop
      vertex 1.5 127.64 9.15694
      vertex 7.5 127.733 9.12388
      vertex 7.5 127.64 9.15694
    endloop
  endfacet
  facet normal -0 -0.33495 -0.942236
    outer loop
      vertex 7.5 127.733 9.12388
      vertex 1.5 127.64 9.15694
      vertex 1.5 127.733 9.12388
    endloop
  endfacet
  facet normal 0 -0.146745 -0.989174
    outer loop
      vertex 1.5 127.448 9.19518
      vertex 7.5 127.545 9.18079
      vertex 7.5 127.448 9.19518
    endloop
  endfacet
  facet normal -0 -0.146745 -0.989174
    outer loop
      vertex 7.5 127.545 9.18079
      vertex 1.5 127.448 9.19518
      vertex 1.5 127.545 9.18079
    endloop
  endfacet
  facet normal 0 -0.998702 -0.0509438
    outer loop
      vertex 1.5 128.35 8.2
      vertex 7.5 128.345 8.29802
      vertex 1.5 128.345 8.29802
    endloop
  endfacet
  facet normal 0 -0.998702 -0.0509438
    outer loop
      vertex 7.5 128.345 8.29802
      vertex 1.5 128.35 8.2
      vertex 7.5 128.35 8.2
    endloop
  endfacet
  facet normal 0 0.599737 -0.800197
    outer loop
      vertex 1.5 126.716 8.97301
      vertex 7.5 126.794 9.03147
      vertex 7.5 126.716 8.97301
    endloop
  endfacet
  facet normal 0 0.599737 -0.800197
    outer loop
      vertex 7.5 126.794 9.03147
      vertex 1.5 126.716 8.97301
      vertex 1.5 126.794 9.03147
    endloop
  endfacet
  facet normal -0 0.599737 0.800197
    outer loop
      vertex 1.5 126.794 7.36853
      vertex 7.5 126.716 7.42699
      vertex 7.5 126.794 7.36853
    endloop
  endfacet
  facet normal 0 0.599737 0.800197
    outer loop
      vertex 7.5 126.716 7.42699
      vertex 1.5 126.794 7.36853
      vertex 1.5 126.716 7.42699
    endloop
  endfacet
  facet normal 0 0.855252 0.518212
    outer loop
      vertex 7.5 126.519 7.64443
      vertex 1.5 126.468 7.7286
      vertex 7.5 126.468 7.7286
    endloop
  endfacet
  facet normal 0 0.855252 0.518212
    outer loop
      vertex 1.5 126.468 7.7286
      vertex 7.5 126.519 7.64443
      vertex 1.5 126.519 7.64443
    endloop
  endfacet
  facet normal 0 -0.903837 -0.427876
    outer loop
      vertex 1.5 128.274 8.58268
      vertex 7.5 128.232 8.6714
      vertex 1.5 128.232 8.6714
    endloop
  endfacet
  facet normal 0 -0.903837 -0.427876
    outer loop
      vertex 7.5 128.232 8.6714
      vertex 1.5 128.274 8.58268
      vertex 7.5 128.274 8.58268
    endloop
  endfacet
  facet normal 0 -0.599737 -0.800197
    outer loop
      vertex 1.5 127.906 9.03147
      vertex 7.5 127.984 8.97301
      vertex 7.5 127.906 9.03147
    endloop
  endfacet
  facet normal -0 -0.599737 -0.800197
    outer loop
      vertex 7.5 127.984 8.97301
      vertex 1.5 127.906 9.03147
      vertex 1.5 127.984 8.97301
    endloop
  endfacet
  facet normal 0 0.33495 -0.942236
    outer loop
      vertex 1.5 126.967 9.12388
      vertex 7.5 127.06 9.15694
      vertex 7.5 126.967 9.12388
    endloop
  endfacet
  facet normal 0 0.33495 -0.942236
    outer loop
      vertex 7.5 127.06 9.15694
      vertex 1.5 126.967 9.12388
      vertex 1.5 127.06 9.15694
    endloop
  endfacet
  facet normal 0 0.740493 -0.672064
    outer loop
      vertex 7.5 126.577 8.83439
      vertex 1.5 126.643 8.90711
      vertex 7.5 126.643 8.90711
    endloop
  endfacet
  facet normal 0 0.740493 -0.672064
    outer loop
      vertex 1.5 126.643 8.90711
      vertex 7.5 126.577 8.83439
      vertex 1.5 126.577 8.83439
    endloop
  endfacet
  facet normal 0 0.941742 -0.336336
    outer loop
      vertex 7.5 126.393 8.49028
      vertex 1.5 126.426 8.58268
      vertex 7.5 126.426 8.58268
    endloop
  endfacet
  facet normal 0 0.941742 -0.336336
    outer loop
      vertex 1.5 126.426 8.58268
      vertex 7.5 126.393 8.49028
      vertex 1.5 126.393 8.49028
    endloop
  endfacet
  facet normal 0 -0.998702 0.0509438
    outer loop
      vertex 1.5 128.345 8.10198
      vertex 7.5 128.35 8.2
      vertex 1.5 128.35 8.2
    endloop
  endfacet
  facet normal 0 -0.998702 0.0509438
    outer loop
      vertex 7.5 128.35 8.2
      vertex 1.5 128.345 8.10198
      vertex 7.5 128.345 8.10198
    endloop
  endfacet
  facet normal 0 0.146745 -0.989174
    outer loop
      vertex 1.5 127.155 9.18079
      vertex 7.5 127.252 9.19518
      vertex 7.5 127.155 9.18079
    endloop
  endfacet
  facet normal 0 0.146745 -0.989174
    outer loop
      vertex 7.5 127.252 9.19518
      vertex 1.5 127.155 9.18079
      vertex 1.5 127.252 9.19518
    endloop
  endfacet
  facet normal 0 0.805436 -0.592683
    outer loop
      vertex 7.5 126.519 8.75557
      vertex 1.5 126.577 8.83439
      vertex 7.5 126.577 8.83439
    endloop
  endfacet
  facet normal 0 0.805436 -0.592683
    outer loop
      vertex 1.5 126.577 8.83439
      vertex 7.5 126.519 8.75557
      vertex 1.5 126.519 8.75557
    endloop
  endfacet
  facet normal 0 -0.989759 0.142749
    outer loop
      vertex 1.5 128.331 8.00491
      vertex 7.5 128.345 8.10198
      vertex 1.5 128.345 8.10198
    endloop
  endfacet
  facet normal 0 -0.989759 0.142749
    outer loop
      vertex 7.5 128.345 8.10198
      vertex 1.5 128.331 8.00491
      vertex 7.5 128.331 8.00491
    endloop
  endfacet
  facet normal 0 -0.430395 -0.90264
    outer loop
      vertex 1.5 127.733 9.12388
      vertex 7.5 127.821 9.08192
      vertex 7.5 127.733 9.12388
    endloop
  endfacet
  facet normal -0 -0.430395 -0.90264
    outer loop
      vertex 7.5 127.821 9.08192
      vertex 1.5 127.733 9.12388
      vertex 1.5 127.821 9.08192
    endloop
  endfacet
  facet normal 0 0.740493 0.672064
    outer loop
      vertex 7.5 126.643 7.49289
      vertex 1.5 126.577 7.56561
      vertex 7.5 126.577 7.56561
    endloop
  endfacet
  facet normal 0 0.740493 0.672064
    outer loop
      vertex 1.5 126.577 7.56561
      vertex 7.5 126.643 7.49289
      vertex 1.5 126.643 7.49289
    endloop
  endfacet
  facet normal 0 0.998702 -0.0509438
    outer loop
      vertex 7.5 126.35 8.2
      vertex 1.5 126.355 8.29802
      vertex 7.5 126.355 8.29802
    endloop
  endfacet
  facet normal 0 0.998702 -0.0509438
    outer loop
      vertex 1.5 126.355 8.29802
      vertex 7.5 126.35 8.2
      vertex 1.5 126.35 8.2
    endloop
  endfacet
  facet normal 0 0.430395 -0.90264
    outer loop
      vertex 1.5 126.879 9.08192
      vertex 7.5 126.967 9.12388
      vertex 7.5 126.879 9.08192
    endloop
  endfacet
  facet normal 0 0.430395 -0.90264
    outer loop
      vertex 7.5 126.967 9.12388
      vertex 1.5 126.879 9.08192
      vertex 1.5 126.967 9.12388
    endloop
  endfacet
  facet normal 0 0.969655 -0.244477
    outer loop
      vertex 7.5 126.369 8.39509
      vertex 1.5 126.393 8.49028
      vertex 7.5 126.393 8.49028
    endloop
  endfacet
  facet normal 0 0.969655 -0.244477
    outer loop
      vertex 1.5 126.393 8.49028
      vertex 7.5 126.369 8.39509
      vertex 1.5 126.369 8.39509
    endloop
  endfacet
  facet normal 0 0.855252 -0.518212
    outer loop
      vertex 7.5 126.468 8.6714
      vertex 1.5 126.519 8.75557
      vertex 7.5 126.519 8.75557
    endloop
  endfacet
  facet normal 0 0.855252 -0.518212
    outer loop
      vertex 1.5 126.519 8.75557
      vertex 7.5 126.468 8.6714
      vertex 1.5 126.468 8.6714
    endloop
  endfacet
  facet normal 0 0.510398 -0.859938
    outer loop
      vertex 1.5 126.794 9.03147
      vertex 7.5 126.879 9.08192
      vertex 7.5 126.794 9.03147
    endloop
  endfacet
  facet normal 0 0.510398 -0.859938
    outer loop
      vertex 7.5 126.879 9.08192
      vertex 1.5 126.794 9.03147
      vertex 1.5 126.879 9.08192
    endloop
  endfacet
  facet normal 0 0.998702 0.0509438
    outer loop
      vertex 72.1 126.355 8.10198
      vertex 66.1 126.35 8.2
      vertex 72.1 126.35 8.2
    endloop
  endfacet
  facet normal 0 0.998702 0.0509438
    outer loop
      vertex 66.1 126.35 8.2
      vertex 72.1 126.355 8.10198
      vertex 66.1 126.355 8.10198
    endloop
  endfacet
  facet normal -0 0.430395 0.90264
    outer loop
      vertex 66.1 126.967 7.27612
      vertex 72.1 126.879 7.31808
      vertex 72.1 126.967 7.27612
    endloop
  endfacet
  facet normal 0 0.430395 0.90264
    outer loop
      vertex 72.1 126.879 7.31808
      vertex 66.1 126.967 7.27612
      vertex 66.1 126.879 7.31808
    endloop
  endfacet
  facet normal 0 -0.740493 -0.672064
    outer loop
      vertex 66.1 128.123 8.83439
      vertex 72.1 128.057 8.90711
      vertex 66.1 128.057 8.90711
    endloop
  endfacet
  facet normal 0 -0.740493 -0.672064
    outer loop
      vertex 72.1 128.057 8.90711
      vertex 66.1 128.123 8.83439
      vertex 72.1 128.123 8.83439
    endloop
  endfacet
  facet normal 0 0.0491243 -0.998793
    outer loop
      vertex 66.1 127.252 9.19518
      vertex 72.1 127.35 9.2
      vertex 72.1 127.252 9.19518
    endloop
  endfacet
  facet normal 0 0.0491243 -0.998793
    outer loop
      vertex 72.1 127.35 9.2
      vertex 66.1 127.252 9.19518
      vertex 66.1 127.35 9.2
    endloop
  endfacet
  facet normal 0 0.94173 0.336369
    outer loop
      vertex 72.1 126.426 7.81732
      vertex 66.1 126.393 7.90971
      vertex 72.1 126.393 7.90971
    endloop
  endfacet
  facet normal 0 0.94173 0.336369
    outer loop
      vertex 66.1 126.393 7.90971
      vertex 72.1 126.426 7.81732
      vertex 66.1 126.426 7.81732
    endloop
  endfacet
  facet normal 0 0.243496 -0.969902
    outer loop
      vertex 66.1 127.06 9.15694
      vertex 72.1 127.155 9.18079
      vertex 72.1 127.06 9.15694
    endloop
  endfacet
  facet normal 0 0.243496 -0.969902
    outer loop
      vertex 72.1 127.155 9.18079
      vertex 66.1 127.06 9.15694
      vertex 66.1 127.155 9.18079
    endloop
  endfacet
  facet normal -0 0.146844 0.98916
    outer loop
      vertex 66.1 127.252 7.20481
      vertex 72.1 127.155 7.21921
      vertex 72.1 127.252 7.20481
    endloop
  endfacet
  facet normal 0 0.146844 0.98916
    outer loop
      vertex 72.1 127.155 7.21921
      vertex 66.1 127.252 7.20481
      vertex 66.1 127.155 7.21921
    endloop
  endfacet
  facet normal 0 -0.670088 0.742282
    outer loop
      vertex 66.1 128.057 7.49289
      vertex 72.1 127.984 7.42699
      vertex 72.1 128.057 7.49289
    endloop
  endfacet
  facet normal 0 -0.670088 0.742282
    outer loop
      vertex 72.1 127.984 7.42699
      vertex 66.1 128.057 7.49289
      vertex 66.1 127.984 7.42699
    endloop
  endfacet
  facet normal 0 -0.430395 -0.90264
    outer loop
      vertex 66.1 127.733 9.12388
      vertex 72.1 127.821 9.08192
      vertex 72.1 127.733 9.12388
    endloop
  endfacet
  facet normal -0 -0.430395 -0.90264
    outer loop
      vertex 72.1 127.821 9.08192
      vertex 66.1 127.733 9.12388
      vertex 66.1 127.821 9.08192
    endloop
  endfacet
  facet normal 0 0.989759 -0.142749
    outer loop
      vertex 72.1 126.355 8.29802
      vertex 66.1 126.369 8.39509
      vertex 72.1 126.369 8.39509
    endloop
  endfacet
  facet normal 0 0.989759 -0.142749
    outer loop
      vertex 66.1 126.369 8.39509
      vertex 72.1 126.355 8.29802
      vertex 66.1 126.355 8.29802
    endloop
  endfacet
  facet normal -0 0.510398 0.859938
    outer loop
      vertex 66.1 126.879 7.31808
      vertex 72.1 126.794 7.36853
      vertex 72.1 126.879 7.31808
    endloop
  endfacet
  facet normal 0 0.510398 0.859938
    outer loop
      vertex 72.1 126.794 7.36853
      vertex 66.1 126.879 7.31808
      vertex 66.1 126.794 7.36853
    endloop
  endfacet
  facet normal 0 0.670088 -0.742282
    outer loop
      vertex 66.1 126.643 8.90711
      vertex 72.1 126.716 8.97301
      vertex 72.1 126.643 8.90711
    endloop
  endfacet
  facet normal 0 0.670088 -0.742282
    outer loop
      vertex 72.1 126.716 8.97301
      vertex 66.1 126.643 8.90711
      vertex 66.1 126.716 8.97301
    endloop
  endfacet
  facet normal 0 -0.0490226 0.998798
    outer loop
      vertex 66.1 127.448 7.20481
      vertex 72.1 127.35 7.2
      vertex 72.1 127.448 7.20481
    endloop
  endfacet
  facet normal 0 -0.0490226 0.998798
    outer loop
      vertex 72.1 127.35 7.2
      vertex 66.1 127.448 7.20481
      vertex 66.1 127.35 7.2
    endloop
  endfacet
  facet normal 0 -0.33495 0.942236
    outer loop
      vertex 66.1 127.733 7.27612
      vertex 72.1 127.64 7.24306
      vertex 72.1 127.733 7.27612
    endloop
  endfacet
  facet normal 0 -0.33495 0.942236
    outer loop
      vertex 72.1 127.64 7.24306
      vertex 66.1 127.733 7.27612
      vertex 66.1 127.64 7.24306
    endloop
  endfacet
  facet normal 0 -0.94173 0.336369
    outer loop
      vertex 66.1 128.274 7.81732
      vertex 72.1 128.307 7.90971
      vertex 66.1 128.307 7.90971
    endloop
  endfacet
  facet normal 0 -0.94173 0.336369
    outer loop
      vertex 72.1 128.307 7.90971
      vertex 66.1 128.274 7.81732
      vertex 72.1 128.274 7.81732
    endloop
  endfacet
  facet normal 0 0.903837 -0.427876
    outer loop
      vertex 72.1 126.426 8.58268
      vertex 66.1 126.468 8.6714
      vertex 72.1 126.468 8.6714
    endloop
  endfacet
  facet normal 0 0.903837 -0.427876
    outer loop
      vertex 66.1 126.468 8.6714
      vertex 72.1 126.426 8.58268
      vertex 66.1 126.426 8.58268
    endloop
  endfacet
  facet normal 0 -0.146844 0.98916
    outer loop
      vertex 66.1 127.545 7.21921
      vertex 72.1 127.448 7.20481
      vertex 72.1 127.545 7.21921
    endloop
  endfacet
  facet normal 0 -0.146844 0.98916
    outer loop
      vertex 72.1 127.448 7.20481
      vertex 66.1 127.545 7.21921
      vertex 66.1 127.448 7.20481
    endloop
  endfacet
  facet normal 0 -0.969655 -0.244477
    outer loop
      vertex 66.1 128.331 8.39509
      vertex 72.1 128.307 8.49028
      vertex 66.1 128.307 8.49028
    endloop
  endfacet
  facet normal 0 -0.969655 -0.244477
    outer loop
      vertex 72.1 128.307 8.49028
      vertex 66.1 128.331 8.39509
      vertex 72.1 128.331 8.39509
    endloop
  endfacet
  facet normal -0 0.243496 0.969902
    outer loop
      vertex 66.1 127.155 7.21921
      vertex 72.1 127.06 7.24306
      vertex 72.1 127.155 7.21921
    endloop
  endfacet
  facet normal 0 0.243496 0.969902
    outer loop
      vertex 72.1 127.06 7.24306
      vertex 66.1 127.155 7.21921
      vertex 66.1 127.06 7.24306
    endloop
  endfacet
  facet normal -0 0.0490226 0.998798
    outer loop
      vertex 66.1 127.35 7.2
      vertex 72.1 127.252 7.20481
      vertex 72.1 127.35 7.2
    endloop
  endfacet
  facet normal 0 0.0490226 0.998798
    outer loop
      vertex 72.1 127.252 7.20481
      vertex 66.1 127.35 7.2
      vertex 66.1 127.252 7.20481
    endloop
  endfacet
  facet normal 0 -0.243496 0.969902
    outer loop
      vertex 66.1 127.64 7.24306
      vertex 72.1 127.545 7.21921
      vertex 72.1 127.64 7.24306
    endloop
  endfacet
  facet normal 0 -0.243496 0.969902
    outer loop
      vertex 72.1 127.545 7.21921
      vertex 66.1 127.64 7.24306
      vertex 66.1 127.545 7.21921
    endloop
  endfacet
  facet normal 0 -0.855252 0.518212
    outer loop
      vertex 66.1 128.181 7.64443
      vertex 72.1 128.232 7.7286
      vertex 66.1 128.232 7.7286
    endloop
  endfacet
  facet normal 0 -0.855252 0.518212
    outer loop
      vertex 72.1 128.232 7.7286
      vertex 66.1 128.181 7.64443
      vertex 72.1 128.181 7.64443
    endloop
  endfacet
  facet normal 0 -0.989759 -0.142749
    outer loop
      vertex 66.1 128.345 8.29802
      vertex 72.1 128.331 8.39509
      vertex 66.1 128.331 8.39509
    endloop
  endfacet
  facet normal 0 -0.989759 -0.142749
    outer loop
      vertex 72.1 128.331 8.39509
      vertex 66.1 128.345 8.29802
      vertex 72.1 128.345 8.29802
    endloop
  endfacet
  facet normal 0 -0.969661 0.244452
    outer loop
      vertex 66.1 128.307 7.90971
      vertex 72.1 128.331 8.00491
      vertex 66.1 128.331 8.00491
    endloop
  endfacet
  facet normal 0 -0.969661 0.244452
    outer loop
      vertex 72.1 128.331 8.00491
      vertex 66.1 128.307 7.90971
      vertex 72.1 128.307 7.90971
    endloop
  endfacet
  facet normal 0 -0.0491243 -0.998793
    outer loop
      vertex 66.1 127.35 9.2
      vertex 72.1 127.448 9.19518
      vertex 72.1 127.35 9.2
    endloop
  endfacet
  facet normal -0 -0.0491243 -0.998793
    outer loop
      vertex 72.1 127.448 9.19518
      vertex 66.1 127.35 9.2
      vertex 66.1 127.448 9.19518
    endloop
  endfacet
  facet normal 0 -0.510398 -0.859938
    outer loop
      vertex 66.1 127.821 9.08192
      vertex 72.1 127.906 9.03147
      vertex 72.1 127.821 9.08192
    endloop
  endfacet
  facet normal -0 -0.510398 -0.859938
    outer loop
      vertex 72.1 127.906 9.03147
      vertex 66.1 127.821 9.08192
      vertex 66.1 127.906 9.03147
    endloop
  endfacet
  facet normal 0 -0.941742 -0.336336
    outer loop
      vertex 66.1 128.307 8.49028
      vertex 72.1 128.274 8.58268
      vertex 66.1 128.274 8.58268
    endloop
  endfacet
  facet normal 0 -0.941742 -0.336336
    outer loop
      vertex 72.1 128.274 8.58268
      vertex 66.1 128.307 8.49028
      vertex 72.1 128.307 8.49028
    endloop
  endfacet
  facet normal 0 0.969661 0.244452
    outer loop
      vertex 72.1 126.393 7.90971
      vertex 66.1 126.369 8.00491
      vertex 72.1 126.369 8.00491
    endloop
  endfacet
  facet normal 0 0.969661 0.244452
    outer loop
      vertex 66.1 126.369 8.00491
      vertex 72.1 126.393 7.90971
      vertex 66.1 126.393 7.90971
    endloop
  endfacet
  facet normal 0 -0.670088 -0.742282
    outer loop
      vertex 66.1 127.984 8.97301
      vertex 72.1 128.057 8.90711
      vertex 72.1 127.984 8.97301
    endloop
  endfacet
  facet normal -0 -0.670088 -0.742282
    outer loop
      vertex 72.1 128.057 8.90711
      vertex 66.1 127.984 8.97301
      vertex 66.1 128.057 8.90711
    endloop
  endfacet
  facet normal 0 -0.805436 -0.592683
    outer loop
      vertex 66.1 128.181 8.75557
      vertex 72.1 128.123 8.83439
      vertex 66.1 128.123 8.83439
    endloop
  endfacet
  facet normal 0 -0.805436 -0.592683
    outer loop
      vertex 72.1 128.123 8.83439
      vertex 66.1 128.181 8.75557
      vertex 72.1 128.181 8.75557
    endloop
  endfacet
  facet normal 0 0.805436 0.592683
    outer loop
      vertex 72.1 126.577 7.56561
      vertex 66.1 126.519 7.64443
      vertex 72.1 126.519 7.64443
    endloop
  endfacet
  facet normal 0 0.805436 0.592683
    outer loop
      vertex 66.1 126.519 7.64443
      vertex 72.1 126.577 7.56561
      vertex 66.1 126.577 7.56561
    endloop
  endfacet
  facet normal 0 -0.805436 0.592683
    outer loop
      vertex 66.1 128.123 7.56561
      vertex 72.1 128.181 7.64443
      vertex 66.1 128.181 7.64443
    endloop
  endfacet
  facet normal 0 -0.805436 0.592683
    outer loop
      vertex 72.1 128.181 7.64443
      vertex 66.1 128.123 7.56561
      vertex 72.1 128.123 7.56561
    endloop
  endfacet
  facet normal 0 -0.903837 0.427876
    outer loop
      vertex 66.1 128.232 7.7286
      vertex 72.1 128.274 7.81732
      vertex 66.1 128.274 7.81732
    endloop
  endfacet
  facet normal 0 -0.903837 0.427876
    outer loop
      vertex 72.1 128.274 7.81732
      vertex 66.1 128.232 7.7286
      vertex 72.1 128.232 7.7286
    endloop
  endfacet
  facet normal 0 -0.243496 -0.969902
    outer loop
      vertex 66.1 127.545 9.18079
      vertex 72.1 127.64 9.15694
      vertex 72.1 127.545 9.18079
    endloop
  endfacet
  facet normal -0 -0.243496 -0.969902
    outer loop
      vertex 72.1 127.64 9.15694
      vertex 66.1 127.545 9.18079
      vertex 66.1 127.64 9.15694
    endloop
  endfacet
  facet normal -0 0.670088 0.742282
    outer loop
      vertex 66.1 126.716 7.42699
      vertex 72.1 126.643 7.49289
      vertex 72.1 126.716 7.42699
    endloop
  endfacet
  facet normal 0 0.670088 0.742282
    outer loop
      vertex 72.1 126.643 7.49289
      vertex 66.1 126.716 7.42699
      vertex 66.1 126.643 7.49289
    endloop
  endfacet
  facet normal 0 0.510398 -0.859938
    outer loop
      vertex 66.1 126.794 9.03147
      vertex 72.1 126.879 9.08192
      vertex 72.1 126.794 9.03147
    endloop
  endfacet
  facet normal 0 0.510398 -0.859938
    outer loop
      vertex 72.1 126.879 9.08192
      vertex 66.1 126.794 9.03147
      vertex 66.1 126.879 9.08192
    endloop
  endfacet
  facet normal 0 0.989759 0.142749
    outer loop
      vertex 72.1 126.369 8.00491
      vertex 66.1 126.355 8.10198
      vertex 72.1 126.355 8.10198
    endloop
  endfacet
  facet normal 0 0.989759 0.142749
    outer loop
      vertex 66.1 126.355 8.10198
      vertex 72.1 126.369 8.00491
      vertex 66.1 126.369 8.00491
    endloop
  endfacet
  facet normal 0 -0.740493 0.672064
    outer loop
      vertex 66.1 128.057 7.49289
      vertex 72.1 128.123 7.56561
      vertex 66.1 128.123 7.56561
    endloop
  endfacet
  facet normal 0 -0.740493 0.672064
    outer loop
      vertex 72.1 128.123 7.56561
      vertex 66.1 128.057 7.49289
      vertex 72.1 128.057 7.49289
    endloop
  endfacet
  facet normal 0 -0.510398 0.859938
    outer loop
      vertex 66.1 127.906 7.36853
      vertex 72.1 127.821 7.31808
      vertex 72.1 127.906 7.36853
    endloop
  endfacet
  facet normal 0 -0.510398 0.859938
    outer loop
      vertex 72.1 127.821 7.31808
      vertex 66.1 127.906 7.36853
      vertex 66.1 127.821 7.31808
    endloop
  endfacet
  facet normal 0 0.903837 0.427876
    outer loop
      vertex 72.1 126.468 7.7286
      vertex 66.1 126.426 7.81732
      vertex 72.1 126.426 7.81732
    endloop
  endfacet
  facet normal 0 0.903837 0.427876
    outer loop
      vertex 66.1 126.426 7.81732
      vertex 72.1 126.468 7.7286
      vertex 66.1 126.468 7.7286
    endloop
  endfacet
  facet normal 0 -0.430395 0.90264
    outer loop
      vertex 66.1 127.821 7.31808
      vertex 72.1 127.733 7.27612
      vertex 72.1 127.821 7.31808
    endloop
  endfacet
  facet normal 0 -0.430395 0.90264
    outer loop
      vertex 72.1 127.733 7.27612
      vertex 66.1 127.821 7.31808
      vertex 66.1 127.733 7.27612
    endloop
  endfacet
  facet normal 0 -0.855252 -0.518212
    outer loop
      vertex 66.1 128.232 8.6714
      vertex 72.1 128.181 8.75557
      vertex 66.1 128.181 8.75557
    endloop
  endfacet
  facet normal 0 -0.855252 -0.518212
    outer loop
      vertex 72.1 128.181 8.75557
      vertex 66.1 128.232 8.6714
      vertex 72.1 128.232 8.6714
    endloop
  endfacet
  facet normal 0 -0.599737 0.800197
    outer loop
      vertex 66.1 127.984 7.42699
      vertex 72.1 127.906 7.36853
      vertex 72.1 127.984 7.42699
    endloop
  endfacet
  facet normal 0 -0.599737 0.800197
    outer loop
      vertex 72.1 127.906 7.36853
      vertex 66.1 127.984 7.42699
      vertex 66.1 127.906 7.36853
    endloop
  endfacet
  facet normal 0 -0.33495 -0.942236
    outer loop
      vertex 66.1 127.64 9.15694
      vertex 72.1 127.733 9.12388
      vertex 72.1 127.64 9.15694
    endloop
  endfacet
  facet normal -0 -0.33495 -0.942236
    outer loop
      vertex 72.1 127.733 9.12388
      vertex 66.1 127.64 9.15694
      vertex 66.1 127.733 9.12388
    endloop
  endfacet
  facet normal 0 -0.146745 -0.989174
    outer loop
      vertex 66.1 127.448 9.19518
      vertex 72.1 127.545 9.18079
      vertex 72.1 127.448 9.19518
    endloop
  endfacet
  facet normal -0 -0.146745 -0.989174
    outer loop
      vertex 72.1 127.545 9.18079
      vertex 66.1 127.448 9.19518
      vertex 66.1 127.545 9.18079
    endloop
  endfacet
  facet normal 0 -0.998702 -0.0509438
    outer loop
      vertex 66.1 128.35 8.2
      vertex 72.1 128.345 8.29802
      vertex 66.1 128.345 8.29802
    endloop
  endfacet
  facet normal 0 -0.998702 -0.0509438
    outer loop
      vertex 72.1 128.345 8.29802
      vertex 66.1 128.35 8.2
      vertex 72.1 128.35 8.2
    endloop
  endfacet
  facet normal 0 0.599737 -0.800197
    outer loop
      vertex 66.1 126.716 8.97301
      vertex 72.1 126.794 9.03147
      vertex 72.1 126.716 8.97301
    endloop
  endfacet
  facet normal 0 0.599737 -0.800197
    outer loop
      vertex 72.1 126.794 9.03147
      vertex 66.1 126.716 8.97301
      vertex 66.1 126.794 9.03147
    endloop
  endfacet
  facet normal -0 0.599737 0.800197
    outer loop
      vertex 66.1 126.794 7.36853
      vertex 72.1 126.716 7.42699
      vertex 72.1 126.794 7.36853
    endloop
  endfacet
  facet normal 0 0.599737 0.800197
    outer loop
      vertex 72.1 126.716 7.42699
      vertex 66.1 126.794 7.36853
      vertex 66.1 126.716 7.42699
    endloop
  endfacet
  facet normal 0 0.855252 0.518212
    outer loop
      vertex 72.1 126.519 7.64443
      vertex 66.1 126.468 7.7286
      vertex 72.1 126.468 7.7286
    endloop
  endfacet
  facet normal 0 0.855252 0.518212
    outer loop
      vertex 66.1 126.468 7.7286
      vertex 72.1 126.519 7.64443
      vertex 66.1 126.519 7.64443
    endloop
  endfacet
  facet normal 0 -0.903837 -0.427876
    outer loop
      vertex 66.1 128.274 8.58268
      vertex 72.1 128.232 8.6714
      vertex 66.1 128.232 8.6714
    endloop
  endfacet
  facet normal 0 -0.903837 -0.427876
    outer loop
      vertex 72.1 128.232 8.6714
      vertex 66.1 128.274 8.58268
      vertex 72.1 128.274 8.58268
    endloop
  endfacet
  facet normal 0 0.33495 -0.942236
    outer loop
      vertex 66.1 126.967 9.12388
      vertex 72.1 127.06 9.15694
      vertex 72.1 126.967 9.12388
    endloop
  endfacet
  facet normal 0 0.33495 -0.942236
    outer loop
      vertex 72.1 127.06 9.15694
      vertex 66.1 126.967 9.12388
      vertex 66.1 127.06 9.15694
    endloop
  endfacet
  facet normal -0 0.33495 0.942236
    outer loop
      vertex 66.1 127.06 7.24306
      vertex 72.1 126.967 7.27612
      vertex 72.1 127.06 7.24306
    endloop
  endfacet
  facet normal 0 0.33495 0.942236
    outer loop
      vertex 72.1 126.967 7.27612
      vertex 66.1 127.06 7.24306
      vertex 66.1 126.967 7.27612
    endloop
  endfacet
  facet normal 0 0.740493 -0.672064
    outer loop
      vertex 72.1 126.577 8.83439
      vertex 66.1 126.643 8.90711
      vertex 72.1 126.643 8.90711
    endloop
  endfacet
  facet normal 0 0.740493 -0.672064
    outer loop
      vertex 66.1 126.643 8.90711
      vertex 72.1 126.577 8.83439
      vertex 66.1 126.577 8.83439
    endloop
  endfacet
  facet normal 0 0.941742 -0.336336
    outer loop
      vertex 72.1 126.393 8.49028
      vertex 66.1 126.426 8.58268
      vertex 72.1 126.426 8.58268
    endloop
  endfacet
  facet normal 0 0.941742 -0.336336
    outer loop
      vertex 66.1 126.426 8.58268
      vertex 72.1 126.393 8.49028
      vertex 66.1 126.393 8.49028
    endloop
  endfacet
  facet normal 0 -0.998702 0.0509438
    outer loop
      vertex 66.1 128.345 8.10198
      vertex 72.1 128.35 8.2
      vertex 66.1 128.35 8.2
    endloop
  endfacet
  facet normal 0 -0.998702 0.0509438
    outer loop
      vertex 72.1 128.35 8.2
      vertex 66.1 128.345 8.10198
      vertex 72.1 128.345 8.10198
    endloop
  endfacet
  facet normal 0 0.146745 -0.989174
    outer loop
      vertex 66.1 127.155 9.18079
      vertex 72.1 127.252 9.19518
      vertex 72.1 127.155 9.18079
    endloop
  endfacet
  facet normal 0 0.146745 -0.989174
    outer loop
      vertex 72.1 127.252 9.19518
      vertex 66.1 127.155 9.18079
      vertex 66.1 127.252 9.19518
    endloop
  endfacet
  facet normal 0 -0.599737 -0.800197
    outer loop
      vertex 66.1 127.906 9.03147
      vertex 72.1 127.984 8.97301
      vertex 72.1 127.906 9.03147
    endloop
  endfacet
  facet normal -0 -0.599737 -0.800197
    outer loop
      vertex 72.1 127.984 8.97301
      vertex 66.1 127.906 9.03147
      vertex 66.1 127.984 8.97301
    endloop
  endfacet
  facet normal 0 0.805436 -0.592683
    outer loop
      vertex 72.1 126.519 8.75557
      vertex 66.1 126.577 8.83439
      vertex 72.1 126.577 8.83439
    endloop
  endfacet
  facet normal 0 0.805436 -0.592683
    outer loop
      vertex 66.1 126.577 8.83439
      vertex 72.1 126.519 8.75557
      vertex 66.1 126.519 8.75557
    endloop
  endfacet
  facet normal 0 -0.989759 0.142749
    outer loop
      vertex 66.1 128.331 8.00491
      vertex 72.1 128.345 8.10198
      vertex 66.1 128.345 8.10198
    endloop
  endfacet
  facet normal 0 -0.989759 0.142749
    outer loop
      vertex 72.1 128.345 8.10198
      vertex 66.1 128.331 8.00491
      vertex 72.1 128.331 8.00491
    endloop
  endfacet
  facet normal 0 0.740493 0.672064
    outer loop
      vertex 72.1 126.643 7.49289
      vertex 66.1 126.577 7.56561
      vertex 72.1 126.577 7.56561
    endloop
  endfacet
  facet normal 0 0.740493 0.672064
    outer loop
      vertex 66.1 126.577 7.56561
      vertex 72.1 126.643 7.49289
      vertex 66.1 126.643 7.49289
    endloop
  endfacet
  facet normal 0 0.998702 -0.0509438
    outer loop
      vertex 72.1 126.35 8.2
      vertex 66.1 126.355 8.29802
      vertex 72.1 126.355 8.29802
    endloop
  endfacet
  facet normal 0 0.998702 -0.0509438
    outer loop
      vertex 66.1 126.355 8.29802
      vertex 72.1 126.35 8.2
      vertex 66.1 126.35 8.2
    endloop
  endfacet
  facet normal 0 0.430395 -0.90264
    outer loop
      vertex 66.1 126.879 9.08192
      vertex 72.1 126.967 9.12388
      vertex 72.1 126.879 9.08192
    endloop
  endfacet
  facet normal 0 0.430395 -0.90264
    outer loop
      vertex 72.1 126.967 9.12388
      vertex 66.1 126.879 9.08192
      vertex 66.1 126.967 9.12388
    endloop
  endfacet
  facet normal 0 0.969655 -0.244477
    outer loop
      vertex 72.1 126.369 8.39509
      vertex 66.1 126.393 8.49028
      vertex 72.1 126.393 8.49028
    endloop
  endfacet
  facet normal 0 0.969655 -0.244477
    outer loop
      vertex 66.1 126.393 8.49028
      vertex 72.1 126.369 8.39509
      vertex 66.1 126.369 8.39509
    endloop
  endfacet
  facet normal 0 0.855252 -0.518212
    outer loop
      vertex 72.1 126.468 8.6714
      vertex 66.1 126.519 8.75557
      vertex 72.1 126.519 8.75557
    endloop
  endfacet
  facet normal 0 0.855252 -0.518212
    outer loop
      vertex 66.1 126.519 8.75557
      vertex 72.1 126.468 8.6714
      vertex 66.1 126.468 8.6714
    endloop
  endfacet
  facet normal -1 0 0
    outer loop
      vertex 64.5 30.75 0
      vertex 64.5 114.35 1.2
      vertex 64.5 114.35 0
    endloop
  endfacet
  facet normal -1 -0 0
    outer loop
      vertex 64.5 114.35 1.2
      vertex 64.5 30.75 0
      vertex 64.5 30.75 1.2
    endloop
  endfacet
  facet normal 1 -0 0
    outer loop
      vertex 9.1 30.75 1.2
      vertex 9.1 114.35 0
      vertex 9.1 114.35 1.2
    endloop
  endfacet
  facet normal 1 0 0
    outer loop
      vertex 9.1 114.35 0
      vertex 9.1 30.75 1.2
      vertex 9.1 30.75 0
    endloop
  endfacet
  facet normal 0 -1 0
    outer loop
      vertex 9.1 114.35 0
      vertex 64.5 114.35 1.2
      vertex 9.1 114.35 1.2
    endloop
  endfacet
  facet normal 0 -1 -0
    outer loop
      vertex 64.5 114.35 1.2
      vertex 9.1 114.35 0
      vertex 64.5 114.35 0
    endloop
  endfacet
  facet normal 0 1 -0
    outer loop
      vertex 64.5 30.75 0
      vertex 9.1 30.75 1.2
      vertex 64.5 30.75 1.2
    endloop
  endfacet
  facet normal 0 1 0
    outer loop
      vertex 9.1 30.75 1.2
      vertex 64.5 30.75 0
      vertex 9.1 30.75 0
    endloop
  endfacet
  facet normal -1 0 0
    outer loop
      vertex 70.1 22.75 1.2
      vertex 70.1 122.35 2.2
      vertex 70.1 122.35 1.2
    endloop
  endfacet
  facet normal -1 -0 0
    outer loop
      vertex 70.1 122.35 2.2
      vertex 70.1 22.75 1.2
      vertex 70.1 22.75 2.2
    endloop
  endfacet
  facet normal 0 0 1
    outer loop
      vertex 70.1 122.35 1.2
      vertex 64.5 114.35 1.2
      vertex 70.1 22.75 1.2
    endloop
  endfacet
  facet normal 0 0 1
    outer loop
      vertex 70.1 122.35 1.2
      vertex 9.1 114.35 1.2
      vertex 64.5 114.35 1.2
    endloop
  endfacet
  facet normal 0 0 1
    outer loop
      vertex 9.1 114.35 1.2
      vertex 3.5 122.35 1.2
      vertex 9.1 30.75 1.2
    endloop
  endfacet
  facet normal -0 0 1
    outer loop
      vertex 3.5 122.35 1.2
      vertex 9.1 114.35 1.2
      vertex 70.1 122.35 1.2
    endloop
  endfacet
  facet normal -0 0 1
    outer loop
      vertex 64.5 30.75 1.2
      vertex 70.1 22.75 1.2
      vertex 64.5 114.35 1.2
    endloop
  endfacet
  facet normal -0 0 1
    outer loop
      vertex 9.1 30.75 1.2
      vertex 70.1 22.75 1.2
      vertex 64.5 30.75 1.2
    endloop
  endfacet
  facet normal 0 0 1
    outer loop
      vertex 9.1 30.75 1.2
      vertex 3.5 22.75 1.2
      vertex 70.1 22.75 1.2
    endloop
  endfacet
  facet normal 0 0 1
    outer loop
      vertex 3.5 22.75 1.2
      vertex 9.1 30.75 1.2
      vertex 3.5 122.35 1.2
    endloop
  endfacet
  facet normal 1 -0 0
    outer loop
      vertex 3.5 22.75 2.2
      vertex 3.5 122.35 1.2
      vertex 3.5 122.35 2.2
    endloop
  endfacet
  facet normal 1 0 0
    outer loop
      vertex 3.5 122.35 1.2
      vertex 3.5 22.75 2.2
      vertex 3.5 22.75 1.2
    endloop
  endfacet
  facet normal 0 -1 0
    outer loop
      vertex 3.5 122.35 1.2
      vertex 70.1 122.35 2.2
      vertex 3.5 122.35 2.2
    endloop
  endfacet
  facet normal 0 -1 -0
    outer loop
      vertex 70.1 122.35 2.2
      vertex 3.5 122.35 1.2
      vertex 70.1 122.35 1.2
    endloop
  endfacet
  facet normal 0 1 -0
    outer loop
      vertex 70.1 22.75 1.2
      vertex 3.5 22.75 2.2
      vertex 70.1 22.75 2.2
    endloop
  endfacet
  facet normal 0 1 0
    outer loop
      vertex 3.5 22.75 2.2
      vertex 70.1 22.75 1.2
      vertex 3.5 22.75 1.2
    endloop
  endfacet
endsolid OpenSCAD_Model
